"source_id"|"ticid"|"toi"|"targetid"|"iscdipstarget"|"reference"|"name"|"age"|"nbhd_rating"|"init_priority"|"current_priority"|"pending_spectroscopic_observations"|"pending_photometry_observations"|"comment"|"rp"|"rp_unc"|"period"|"gaia_ra"|"gaia_dec"|"gaia_plx"|"gaia_Gmag"|"gaia_Bmag"|"gaia_Rmag"|"tic_Bmag"|"tic_Vmag"|"tic_Jmag"|"tic_Hmag"|"tic_Kmag"|"tic_Tmag"|"tic_teff"|"tic_logg"|"tic_rstar"|"tic_mstar"|"candidate_provenance"|"insert_time"|"last_update_time"|"isretired"|"disposition"|"rot_quality"|"Prot"|"vsini"|"rot_amp"|"sig_Prot"|"Tdur"|"sig_Tdur"|"Mp_pred"|"K_orb"|"K_RM"|"K_orb/sig_Prot"|"K_RM/sig_Tdur"
"4827527233363019776"|"77951245"|"450"|"450.01"|1|"Gagne_2018_BANYAN_XIII"|"COL"|"--"|"--"|"1.00"|"2.00"|"--"|"--"|"(THYME) TOI-450, Columba association. Tokovinin already acquired speckle images.  Being pursued by E. Newton & team for RV cluster membership confirmation. Proprietary HARPS specturm in F. Bouchy's hands. SALT/HRS (2), Gemini/IGRINS (2020A)        SALT/HRS, Gemini/IGRINS, THYME Collaboration (Tofflemire). Ziegler did contrast curve. --> IS EB (ANDREW MANN, PRIV COMM.)"|"34.69"|"14.09"|"10.71"|"79.01"|"-31.41"|"18.66"|"13.80"|"15.57"|"12.53"|"16.67"|"15.64"|"10.63"|"10.14"|"9.79"|"12.43"|3160|"4.81"|"0.42"|"0.42"|"20191110_followup_comment_strings"|"2020-01-09 13:58:42.405258"|"2020-01-09 13:58:42.405289"|1|"EB"|"--"|"--"|"--"|"--"|"--"|"--"|"--"|"--"|"--"|"--"|"--"|"--"
"4844691297067063424"|"257605131"|"451"|"451.01"|0|"Curtis_2019,E_Newton"|"PscEri"|"7.2"|"--"|"0.00"|"0.00"|"SP0 (V=10.9, Rp=4.0, period=16d, leadership questionable given THYME claim)."|"--"|"TOI-451, Psc-Eri. Zhou/Quinn's CHIRON spectrum shows Li absorption. Ziegler did contrast curve. Has total of THREE PCs on ExoFOPTESS. Spectrum shows vsini=9km/s --> Prot = 5, not 2.5days. WASP shows 4.5day rot period, full amplitude 2%. Verified by SG1. Rodriguez perhaps pursuing mass measurements w/ PFS (but 9km/s means 90m/s jitter expected. Hard to get the masses. If multi, can just validate a la V1298 Tau. T=10, so perhaps worthwhile. DV report indicates multi system seems plausible.)."|"3.95"|"0.69"|"8.19"|"63.00"|"-37.90"|"-1.00"|"10.75"|"-1.00"|"-1.00"|"11.64"|"10.94"|"9.64"|"9.29"|"9.19"|"10.27"|5481|"4.56"|"0.86"|"0.96"|"20191110_followup_comment_strings"|"2020-01-09 13:58:42.800787"|"2020-01-09 13:58:42.800821"|0|"PC,pMulti"|0|"4.50"|"9.67"|"0.0200"|"193.38"|"4.44"|"7.94"|"15.60"|"5.09"|"12.24"|"0.03"|"1.54"
"5519619186857962112"|"81419525"|"580"|"580.01"|1|"CantatGaudin_2018,Kounkel_2019,CantatGaudin_2019_velaOB2,Zari_2018_UMS,CantatGaudin_2018,Kounkel_2019,CantatGaudin_2019_velaOB2,Zari_2018_UMS"|"Pozzo_1,Vela_OB2,cg19velaOB2_pop7,N/A,Pozzo_1,Vela_OB2,cg19velaOB2_pop7,N/A"|"7.08"|"0.0"|"0.00"|"1.00"|"SP1 (V=9.5). Get 1 CHIRON recon spectrum, assess SpType and Doppler tomography prospect. (Mass measurement highly unlikely)"|"--"|"LCOGT(1, non-detection b/c bad epoch; 1 OIBEO 20191216 reduced, but ruined by clouds, 20200213 showed ingress in 25px*0.39as/px=9.75as aperture, quite defocused). ""3 GAIA stars within 5"" SG1 finds tentative detection in aperture including target and two nearby stars."". SG2 flags as CPC-. Nbhd analysis shows parallax good, pm both viable. Pretty dispersed cluster (few deg) and far from core in ra/dec... and star is on UMS. Needs spectroscopy. Ziegler did contrast -curve. Updated SG1 results say PNEB (possible NEB, but need another epoch to see, however “Next SG1 observation finds event to be more likely on the pair of stars 5"" away.”). With infinite time, would get more phot, in focus (i.e., manual tuned LCOGT). However given likelihood of NEB, not scheduling further in 20A."|"11.77"|"1.79"|"1.55"|"123.11"|"-46.11"|"2.86"|"9.58"|"9.64"|"9.50"|"9.68"|"9.54"|"9.40"|"9.38"|"9.33"|"9.55"|11159|"4.51"|"1.58"|"2.92"|"20191110_followup_comment_strings"|"2020-01-09 13:58:43.152784"|"2020-01-09 13:58:43.152818"|0|"PC,PNEB"|"--"|"--"|"--"|"--"|"--"|"--"|"--"|"--"|"--"|"--"|"--"|"--"
"5525188767305211904"|"180987952"|"581"|"581.01"|1|"CantatGaudin_2018,Zari_2018_UMS,CantatGaudin_2019_velaOB2,CantatGaudin_2018,Zari_2018_UMS,CantatGaudin_2019_velaOB2"|"Trumpler_10,N/A,cg19velaOB2_pop2,Trumpler_10,N/A,cg19velaOB2_pop2"|"--"|"0.0"|"0.00"|"0.00"|"SP1. (V=9.5). Got CHIRON recon, no more needed. If phot confirms on target, can validate from Rp alone (mass measurement unlikely). Age of few tens of Myr, so worthwhile."|"LCOGT 10 OIBEO pre 20190315"|"LCOGT (1, non-detection b/c bad epoch, 1 OIBEO 20200101 showing dip on target.). ""SG1 clears many stars of NEB, but a handful of potential contami--ts remain. Will try again."" SG1 flags as PPC. Parallax good, PM probably within like 1 sigma of cluster PM dispersion. Spatially also medium distance from core (not too far, not too close). Ziegler did contrast curve. Rp=4.7Re. P=1.4d. d=400pc. (Eastman). Rstar=1.7Rsun, Teff~=11000K. Sector8+9 data are available. LC might show extra PCs? CHIRON(1) shows vsini>200km/s, too rapidly rotating to do more spectroscopy with."|"5.48"|"0.34"|"1.39"|"130.26"|"-41.44"|"2.28"|"9.48"|"9.49"|"9.50"|"9.45"|"9.48"|"9.46"|"9.47"|"9.47"|"9.53"|10585|"4.35"|"1.84"|"2.74"|"20191110_followup_comment_strings"|"2020-01-09 13:58:43.530607"|"2020-01-09 13:58:43.530638"|0|"PC"|"--"|"--"|"--"|"--"|"--"|"--"|"--"|"--"|"--"|"--"|"--"|"--"
"5251470948229949568"|"460205581"|"837"|"837.01"|1|"Kharchenko2013,Kounkel_2019,CantatGaudin_2018,GaiaCollaboration2018_tab1a"|"IC_2602,IC_2602,IC_2602,IC2602"|"8.34,7.55"|"1.0"|"1.00"|"0.00"|"SP0. Brahm has FEROS. GO for Veloce at ~10m/s precision (**no need to get down to 1m/s**).   Predicted K_planet=90m/s, P_orb=8.3d, K_spot=300m/s, P_rot=3.5d."|"LCOGT 7 partials pre 20190301. Schedule more after!"|"LCOGT (2, 1 bad epoch, 1 OIB 20200117 that did not show clear transit signal. ). FEROS (4, Rafael Brahm). Has Li. LC shows strong rot signal (2% amplitude). Multisector available (S10+S11, CDIPS, missed b/c TFA over-detrended). SG1 flagged as single transit -- but now it's NOT (P=8days). Despite Gaia & CG18 membership, nbhd analysis shows parallax is nearly 0.25mas larger than typical in cluster -- possibility of foreground star (star isn't particularly bright/blue, no offset argument). PMs are good. Positions are decent. RV is good. P=8d, Rp=8Re. vsini=17km/s observed from FEROS. single-lined early-G/late-F type star. Li EW is consistent with a young star (more so than a typical field Teff=6100K G dwarf). Ziegler did contrast curve, compnaion (deltaI=4.5) at ~2.1 arcsec introduces NEB blend scenario. Gaia DR2 info of the companion strongly suggests it's bound (same PMs and parallax). There's also a DeltaT=3 star at 5 arcsec, possible blend. CHIRON RV gamma of 16km/s + Li confirms membership (which was good but not definitive from kinematics). CHIRON RV RMS < 1km/s. Go for Veloce, and more phot followup. No more CHIRON needed"|"8.24"|"1.43"|"8.32"|"157.04"|"-64.51"|"6.99"|"10.36"|"10.70"|"9.89"|"11.12"|"10.63"|"9.39"|"9.11"|"8.93"|"9.93"|6104|"4.49"|"1.01"|"1.15"|"20191110_followup_comment_strings"|"2020-01-09 13:58:43.893116"|"2020-01-09 13:58:43.893149"|0|"PC"|"spec"|"3.01"|"17.00"|"0.0200"|"340.00"|"1.77"|"8.37"|"49.60"|"14.26"|"67.92"|"0.04"|"8.12"
"5290721997195236480"|"372913430"|"861"|"861.01"|1|"CantatGaudin_2018,Kounkel_2019,Zari_2018_UMS,CantatGaudin_2018,Kounkel_2019,Zari_2018_UMS"|"NGC_2516,NGC_2516,--,NGC_2516,NGC_2516,--"|"8.48,8.4"|"0.0"|"0.00"|"2.00"|"SP1 (V=8.3), get 1 CHIRON recon spectrum to check RV, assess Doppler tomography prospects. Worth mentioning in a NGC 2516 homogeneous study."|"LCOGT 5 OIBEO/4stage pre 20190301"|"""Crowded field"". TIC 372913430. 0.5% dip, P=13.5 days warm jupiter, Teff=9100K. RA/dec in center of cluster, parallax good as well. PMs are 2mas/yr from PM of cluster center. Given the position & parallax, likely not an issue – maybe caused by companion. (RV might clarify). Ziegler got speckle AO, rules out binary companion to ~0.2-0.3 arcsec. Ascribing the offset to companion implies 3km/s orbital velocity, and 60Mjup companion… (Seems likely to be EB in this case!). “QLP reanalysis suggests an NEB (dpeth-aperture correlation)”. SG2 retires as NEB."|"24.48"|"8.00"|"13.48"|"119.53"|"-60.78"|"2.34"|"8.36"|"8.41"|"8.30"|"8.31"|"8.30"|"8.21"|"8.20"|"8.23"|"8.35"|10341|"3.80"|"3.39"|"2.66"|"20191110_followup_comment_strings"|"2020-01-09 13:58:44.281304"|"2020-01-09 13:58:44.281339"|1|"NEB"|"--"|"--"|"--"|"--"|"--"|"--"|"--"|"--"|"--"|"--"|"--"|"--"
"5576476552334683520"|"148479278"|"520"|"520.01"|1|"Kounkel_2019,Zari_2018_UMS,Kounkel_2019,Zari_2018_UMS"|"Platais_5,--,Platais_5,--"|"7.78,7.53"|"1.0"|"0.00"|"0.00"|"SP2"|"--"|"SG1 clears field of NEBs, though crowded. vsini=120km/s (CHIRON, Zhou); NRES fast rotator too. Rp=2.0Re, P=0.52d (Eastman). PM of ~10mas/yr in each dirn, d=200pc. NB. Platais 5 moving group is young enough that the KC19 HR diagram shows the PMS for the M dwarfs -- the HRD is awesome. The velocity string is also clear. (CG18 did not report Platais 5, but not surprising b/c of how sparse it is). Nbhd analysis from K13 ""members"" suggestive but not convincing. FROM K13: ----Plx vs pmdec shows an overdensity, suggesting the group is real. The CMD looks decent. RA/dec not at all convincing. (But note KC19 maybe better for this one...)----- FROM KC19: The neighborhood assessment looks pretty convincing. The RV for this star is where it should be. Two big clumps, PM is right on. Quinn got 2 RVs w/ CHIRON. Ziegler did contrast curve, rules out binary companion to within dM=5 at 1arcsec (~200AU b/c d=200pc), similar down to ~50AU. Given the depth, can probably validate."|"1.81"|"1.66"|"0.52"|"102.66"|"-37.96"|"4.47"|"9.62"|"9.81"|"9.34"|"10.02"|"9.73"|"9.04"|"8.91"|"8.85"|"9.38"|7323|"4.29"|"1.53"|"1.66"|"20191110_followup_comment_strings"|"2020-01-09 13:58:44.643127"|"2020-01-09 13:58:44.643162"|0|"PC"|"--"|"--"|"--"|"--"|"--"|"--"|"--"|"--"|"--"|"--"|"--"|"--"
"5557593814516968960"|"130415266"|"588"|"588.01"|1|"Kounkel_2019,Zari_2018_UMS,Kounkel_2019,Zari_2018_UMS"|"AB_Dor,--,AB_Dor,--"|"8.03"|"1.0"|"0.00"|"0.00"|"SP1 (V=7.3), get 1 CHIRON recon spectrum for stellar params and RV for membership."|"--"|"""Period is double or four times larger; T0=1481"". P~40day. TIC 130415266. Two transits viewed... ! Teff~9600K, T=7.6. Tricky to schedule (for transit followup). HD 52470. Nothing on the HARPS archive. An RV to place it in the strong AB Dor RV stream (or not) would be helpful. In v_l vs longitude (mw2d plot), clearly apparent stream. In the nbhd plots, it's not obvious (but maybe this is a projection problem?) Ziegler did contrast curve. Ephemeris too imprecise for phot followup, uncertainty is 0.5 days"|"12.11"|"2.70"|"40.00"|"104.75"|"-47.02"|"6.46"|"7.26"|"7.27"|"7.30"|"7.26"|"7.28"|"7.25"|"7.33"|"7.28"|"7.31"|10416|"4.35"|"1.82"|"2.69"|"20191110_followup_comment_strings"|"2020-01-09 13:58:44.993813"|"2020-01-09 13:58:44.993844"|0|"PC,lostephem"|"--"|"--"|"--"|"--"|"--"|"--"|"--"|"--"|"--"|"--"|"--"|"--"
"5579734916388215808"|"772008799"|"1014"|"1014.01"|1|"Kounkel_2019,Zari_2018_UMS,Kounkel_2019,Zari_2018_UMS"|"Platais_5,--,Platais_5,--"|"7.78,7.53"|"1.0"|"0.00"|"0.00"|"SP2, though SQ 1 CHIRON pending. RV might confirm membership, but it’s a A1-IV subgiant. No chance at mass."|"Need with a <1m telescope(?), though 2mmag is hard. No good comparison stars."|"LCOGT (1, 20191224. 10 mmag precision, no chance for a 3 mmag transit. Not enough comparison stars – was experimental at 2 sec exposure. Result of experiment was: for LCO 1m, bright limit is like V=8.5). ""Might be diluted; SG1 to check"". From K13 members, not at all convincing. From KC19 members, PM and parallax plausible for it being a member of the stream. NEED AN RV TO CHECK. And spectra to determine youth. NB. independently found this one from CDIPS in Sector 6 -- threw it out b/c was ""just ZariUMS PC"". But the dips look weirdly close to being in phase w/ some kind of stellar pulsation mode (only every ~4 or 6 oscillations?!). Ziegler got speckle AO, shows binary companion at 2.11arcsec, deltaI=1.3mag. Note TOI 1014 == TIC 96246348 on exoFOP-TESS but this is wrong, it’s TIC 772008799. Note also TOI 1014 == CCDM J06542-3413AB, a known binary (spectroscopic? How?). Primary is a subgiant, SpType A1IV. From TIC8 it seems there are at least 3 relevant stars in the TESS aperture. However one might be double-counted, in which case it’s just the AB binary."|"-1.00"|"-1.00"|"-1.00"|"103.56"|"-34.22"|"4.42"|"7.58"|"7.52"|"7.59"|"-1.00"|"7.60"|"-1.00"|"-1.00"|"-1.00"|"7.68"|-1|"-1.00"|"-1.00"|"-1.00"|"20191110_followup_comment_strings"|"2020-01-09 13:58:45.359691"|"2020-01-09 13:58:45.359739"|0|"PC"|"--"|"--"|"--"|"--"|"--"|"--"|"--"|"--"|"--"|"--"|"--"|"--"
"5325454783543157760"|"400595342"|"1034"|"1034.01"|1|"Kounkel_2019,Zari_2018_UMS,Kounkel_2019,Zari_2018_UMS"|"kc19group_237,--,kc19group_237,--"|"7.9"|"1.0"|"1.00"|"1.00"|"SP2"|"--"|"LCOGT (1, no detection, but consistent w/ shallow depth). ""need SG1 to check 400595381; likely BEB"". Group is somewhat weak. A bit too old for PMS to be super-convincing (but maybe other indicators possible). Star membership in group from nbhd plot looks pretty good. (Though the group membership is not much stronger). Not convincing enough to lead."|"3.96"|"1.00"|"3.64"|"134.44"|"-49.00"|"2.72"|"9.88"|"9.97"|"9.77"|"10.07"|"9.88"|"9.60"|"9.57"|"9.53"|"9.82"|9810|"4.43"|"1.61"|"2.51"|"20191110_followup_comment_strings"|"2020-01-09 13:58:45.714335"|"2020-01-09 13:58:45.714365"|0|"PC,pNonCM"|"--"|"--"|"--"|"--"|"--"|"--"|"--"|"--"|"--"|"--"|"--"|"--"
"5838450865699668736"|"360630575"|"1097"|"1097.01"|1|"Kounkel_2019"|"kc19group_64"|"7.42"|"1.0"|"0.00"|"0.00"|"SP0. SQ 2 CHIRON pending. Need 1 CHIRON recon spectrum. Should see strong Li. Then need 3 RVs to assess mass measurement prospects (Rp=2.5Re, spot amplitude could be larger than planet signal). Validation paper is worthwhile if mass measurement will require many seasons."|"LCOGT 1 total, 2 OIBE/IBEO, 2 OIB/BEO pre 20190301"|"LCOGT (20200209, BEO, too high scatter to detect 500ppm transit). ""bright potential L1 candidate"". QLP shows ~0.5-1% strong rotational variability (as-in, strong young star). The PMS of the group looks good. Star has plx of ~12.5mas, compared to group mean of ~9.8 pm 1mas. Nbhd analysis shows the group is definitely real. Like it's a freakin whopper. Young enough that spectra (Li, Halpha,..) will clarify youth. Worth pursuing. Mann weakly suggests a secondary eclipse. Manual inspection of QLP LC does show some additional dips, but not obviously secondary eclipses. Not S11+S12 TESS data are available. Too low SNR in S11 CDIPS LC (b/c small and P=9days). Should check if eleanor S11+S12 give dips."|"2.35"|"0.12"|"9.19"|"189.78"|"-74.57"|"12.54"|"9.14"|"9.47"|"8.68"|"9.94"|"9.29"|"8.14"|"7.89"|"7.82"|"8.72"|5876|"4.48"|"0.98"|"1.06"|"20191110_followup_comment_strings"|"2020-01-09 13:58:46.062502"|"2020-01-09 13:58:46.062533"|0|"PC"|0|"6.50"|"7.63"|"0.0150"|"114.42"|"2.34"|"1.72"|"6.00"|"1.76"|"2.63"|"0.02"|"1.53"
"2919143383943171200"|"53682439"|"--"|"53682439.01"|1|"Zari_2018_PMS"|"--"|"--"|"--"|"1.00"|"1.00"|"SP1, low priority for 1 PFS recon spectrum (look for Halpha). No CHIRON necessary, or possible. TripleSpec proposal possible."|"8 OIBEO gp pre 20200315. After getting one, stop."|"LCOGT(1 IBEO ambiguous; 1 OIBEO i-band good). Many HATS(good). Possible PMS dwarf with close-in giant planet (else EB). ~4% amplitude spot signal. T~=15 and red, so maybe best for a NIR spectrograph?. From LCO2m, have Rp/Rstar=0.24894. Plausible Rp, but the duration is a tad long (implies too low density). My hesitation about this object is that it's faint (T=15, V=17), and that the case for youth isn't amazing. We need AO images to argue against a triple-star system explanation, I think. Maybe Speckle-AO with Zorro on Gemini could do it, but I doubt smaller telescopes could.  I think we would also need to see Halpha emission in a recon spectrum to believe more strongly in the case for youth.  Try for gp band, get 1 recon spectrum w/ PFS (if 30 minutes possible… 1 hour a bit long). "|"19.47"|"5.84"|"0.64"|"103.31"|"-27.18"|"2.02"|"16.34"|"17.48"|"15.27"|"18.53"|"17.22"|"13.83"|"13.20"|"12.89"|"15.34"|3725|"4.38"|"0.80"|"0.56"|"20191110_followup_comment_strings"|"2020-01-09 13:58:46.445909"|"2020-01-09 13:58:46.445940"|0|"PC,pNonCM"|"--"|"--"|"--"|"--"|"--"|"--"|"--"|"--"|"--"|"--"|"--"|"--"
"3050033749239975552"|"125192758"|"--"|"125192758.01"|1|"CantatGaudin_2018"|"NGC_2323"|"8.26"|"0.0"|"0.00"|"2.00"|"--"|"--"|"KeplerCam photometry (Allyson Bieryla) shows it's a NEB. Was labelled Giant PC in M50, ~100Myr star with rotational variability. CHIRON (2, Zhou), showed star has double-peaked CCF, large RV variation. RV=24km/s and RV=128 km/s measured. Livingston got a contrast curve too."|"29.25"|"8.77"|"1.73"|"105.39"|"-8.82"|"0.88"|"14.73"|"15.22"|"14.09"|"15.17"|"15.11"|"13.31"|"12.84"|"12.77"|"14.15"|5384|"4.06"|"1.49"|"0.93"|"20191110_followup_comment_strings"|"2020-01-09 13:58:46.818988"|"2020-01-09 13:58:46.819024"|1|"NEB"|"--"|"--"|"--"|"--"|"--"|"--"|"--"|"--"|"--"|"--"|"--"|"--"
"3340674976430098688"|"200516835"|"--"|"200516835.01"|1|"Zari_2018_PMS"|"--"|"--"|"--"|"1.00"|"1.00"|"SP1, low priority for 2-3 PFS spectra, else try for TripleSpec (4.1, on the SOAR)."|"LCOGT 3 gp events pre 20190301 (2m)"|"SG1 (Allyson Bieryla, OIBEO 20200112 in ip and confirmed a 26 minute early ~ 45 ppt event in an uncontaminated 3.4"" target aperture with FWHM=2.1"".) Possible HJ around PMS star. Main worry is stellar-mass EB (and rotation period seems to be near the orbital period). Tdur is 1.9hour, gives correct stellar density. Depth is good."|"12.51"|"0.85"|"3.78"|"82.80"|"11.76"|"3.62"|"16.42"|"18.02"|"15.19"|"19.66"|"-1.00"|"13.47"|"12.82"|"12.51"|"15.11"|3266|"4.69"|"0.55"|"0.55"|"20191110_followup_comment_strings"|"2020-01-09 13:58:47.187601"|"2020-01-09 13:58:47.187633"|0|"PC"|"--"|"--"|"--"|"--"|"--"|"--"|"--"|"--"|"--"|"--"|"--"|"--"
"5290781443841554432"|"308538095"|"--"|"308538095.01"|1|"Kharchenko2013,CantatGaudin_2018,GaiaCollaboration2018_tab1b,Kounkel_2019"|"NGC_2516,NGC_2516,NGC2516,NGC_2516"|"8.48,8.4"|"1.0"|"0.00"|"2.00"|"SP2, was SP0 before Chiron recon showed SB2 and RV variable."|"LCOGT 3 gp >=4stage, pre 20190301"|"Retiring as SB2 in NGC 2516, presumably P=12d signal is F+M binary. CHIRON(4). 2 CHIRON epochs show clear SB2 signatures. LCOGT(2, 1 BEO i' good, 1 OIBE in g' with depth comparable to i'). 2 SG1 (Phil Evans, IBE, successful, Kevin Collins LCO 0.4m, total).  P~12 day WJ, NGC 2516. Multiple sector data available (S7,S8,S10)→ would benefit from multi-sector analysis. Gaia-DR2 RV in tension with Soubiran cluster RV, but at low significance -- higher precision RV requested. Otherwise nbhd analysis is good (plx, proper motion, positions all fine).  Ziegler got speckle AO, shows faint double-dot to NE/SW of the ACF at sep 1arcsec -- but Ziegler says is spurious (would be deltamag 4.). d=400pc.  Rstar=1.35, Teff=6150K (TICv8). SQ+GZ from CHIRON found T0308538095, 2019-12-17T06-44-23.0 2458834.79415 RV 18.833 0.034 Teff 6098 logg 4.36 feh 0.04 vsini 13.0. Note the vsini is an upper limit. This argues that the Gaia RV measurement was spurious. Whopping Li, EW=120mA (GZ, 20200122). Given this Teff, and 300Myr, one would expect Prot~4 days. CDIPS LCs have heavy systematics, no obvious Prot. Eleanor LCs hint at 6-7day rotation? Again though, not obvious. "|"28.86"|"11.73"|"11.69"|"120.85"|"-60.67"|"2.43"|"12.03"|"12.37"|"11.54"|"12.93"|"11.68"|"10.95"|"10.65"|"10.58"|"11.60"|6140|"4.24"|"1.35"|"1.16"|"20191110_followup_comment_strings"|"2020-01-09 13:58:47.550714"|"2020-01-09 13:58:47.550748"|1|"SB2,CM,FM_binary"|"--"|"--"|"--"|"--"|"--"|"--"|"--"|"--"|"--"|"--"|"--"|"--"
"5510676828723793920"|"59859387"|"--"|"59859387.01"|1|"CantatGaudin_2018,Kounkel_2019,Zari_2018_UMS,CantatGaudin_2018,Kounkel_2019,Zari_2018_UMS"|"Alessi_3,Alessi_3,--,Alessi_3,Alessi_3,--"|"8.87,8.8"|"0.0"|"0.00"|"0.00"|"SP0. (V=10.7). GO for PFS at ~10m/s precision (not 1m/s; vsini=27km/s from CHIRON).  Get 10 RVs at ~10-20m/s precision to determine if SB1.  Predicted K_planet=15-30m/s, P_orb=1.1d, K_spot=100m/s, P_rot=5d.  CHIRON shows (2020.0208) RV RMS < 1km/s. LGB queued 6 more in CHIRON slicer."|"--"|"Priority for RVs. Cand super neptune. LCOGT(2 ip, 2gp, both OIBEO and good), 1 CHAT (i-band), OIBE/IBEO. All reduced transits are good.  CHIRON(1 recon, GZ email 20191226 2019-12-18T05-41-37.9 2458835.74473 RV -1.586 0.202 Teff 6555 logg 4.09 feh -0.09 vsini 27.2). Gaia DR2 RV good enough to confirm cluster membership. But cluster membership and signal look v good -- this one is worth the effort! NB. sector 8 data are available. Nbhd reanalysis also v good. RVs solid enough. d=294pc. Rstar=1.5, Teff=6750K (lower from CHIRON Teff). Ziegler got speckle AO, rules out binary companion to ~0.2-0.3 arcsec. (Weakly detected) Prot=5d from CDIPS LC, amplitude 0.4%. 7 PFS RVs over 7 nights show linear trend of amplitude 500m/s. 1. There is a dT=4.7 star in the aperture, TIC767810561 = gaia 5510676828723794176. No TIC Rstar, but d=1.35kpc, vs 0.3kpc target. Bp-Rp=0.84. E(B-V) of 0.095. Gaia apsis quotes Teff 5200K. TIC8 Fig8 spline would give 5600K if dwarf.  RV RMS < 1km/s over 14 CHIRON RVs. 7 PFS RVs taken over 7 nights showed a linear trend (with hint of a turnover) with peak-to-peak amplitude 450m/s.  Doesn't obviously phase up with either the expected ~2.5 day rotation period (which is weak from photometry, but vsini strongly indicates it).  Also does not phase up with transit ephemeris, but this was expected.  This object needs a blend analysis for validation -- there is sufficient photometry now to do it (perhaps with one extra LCO g band light-curve to improve the SNR of chromaticity analysis). No further CHIRON observations necessary. PFS if possible (but them expensive). "|"5.98"|"0.41"|"1.12"|"110.37"|"-45.57"|"3.37"|"10.58"|"10.82"|"10.23"|"11.17"|"10.73"|"9.86"|"9.68"|"9.62"|"10.28"|6778|"4.26"|"1.47"|"1.45"|"20191110_followup_comment_strings"|"2020-01-09 13:58:47.924712"|"2020-01-09 13:58:47.924747"|0|"PC"|"spec"|"2.73"|"27.20"|"0.0010"|"27.20"|"1.73"|"0.72"|"20.00"|"9.61"|"27.02"|"0.35"|"37.68"
"5516140233292943872"|"238611475"|"--"|"238611475.01"|1|"Kounkel_2019,Zari_2018_PMS,CantatGaudin_2019_velaOB2,Kounkel_2019,Zari_2018_PMS,CantatGaudin_2019_velaOB2"|"Vela_OB2,N/A,cg19velaOB2_pop7,Vela_OB2,N/A,cg19velaOB2_pop7"|"7.08"|"--"|"1.00"|"1.00"|"SP1, would be nice to have PFS recon spectrum (desparately, for Rstar and Rp measurement). If good, 7 RVs with PFS could show planetary. Another possible triplespec proposal object. Instead of PFS though (b/c only 10 hrs), go for a 1800 sec CHIRON exposure. [And ideally, have other M dwarf references to compare with]"|"Wait until get recon spectrum before g’ or b’."|"CHAT (1, IBE). LCOGT (2, BEO, 2 OIBEO iband good). SG1 (Don Radford) 1 OIBEO (iband). V-shaped. Noisy star, 3% dip, PMS M dwarf. TESS data has at least s7+s9. Initially was just Zari+18 PMS, sector 9 boosted to CG19 VelaOB2 + Kounkel19 VelaOB2. CDIPS LCs exist for S7,S8,S9. 20200112: some b or g’-band totals might be nice, otherwise no more photometry needed. Need recon spectrum to determine Rstar better (or else use other method?), and thereby determine if possible planet, or not! (Rp is large). Note E(Bp-Rp)=1.37. 7 RVs could show planetary mass (e.g., HATS-71). TripleSpec4.1 recon spectrrum would be nice."|"49.31"|"14.79"|"1.54"|"122.33"|"-48.39"|"2.54"|"14.90"|"16.14"|"13.78"|"17.61"|"16.07"|"12.17"|"11.51"|"11.27"|"13.84"|3709|"-1.00"|"1.40"|"-1.00"|"20191110_followup_comment_strings"|"2020-01-09 13:58:48.312408"|"2020-01-09 13:58:48.312442"|0|"PC"|"--"|"--"|"--"|"--"|"--"|"--"|"--"|"--"|"--"|"--"|"--"|"--"
"5541111035713815552"|"134528212"|"--"|"134528212.01"|1|"Dias2014"|"NGC 2546"|"8.14"|"1.0"|"1.00"|"2.00"|"--"|"--"|"20191209: LGB retiring due to unconvincing neighborhood, + weakly suspect depth increase in new S8 data.  Suspect occ depth. Candidate HJ in NGC 2546 (~150 Myr).  TESS S7+S8 available. Astrometric excess indicates likely presence of wide binary companion. RVs to rule out stellar EB needed! Cluster membership looks passable (it's Dias). Nbhd analysis indicates target is maybe 2 sigma away from expected cluster PM dispersion. It is also weakly in the foreground (maybe 1.5-2 sigma). It would be on the periphery of the cluster -- the neighborhood is not convincing.  If it's 150 Myr, where is the rotation signal?  Needs RVs to check for Li.  Worth continuing observations, but difficult to confirm. Teff~=6000K from Gaia Bp-Rp color + TICv8 spline relation, and is flagged as dwarf (TICv8 did not report stellar params, probably b/c of ~1 arcsec companion, deltaMag=2 Gaia DR2 5541111035708733056)."|"15.57"|"7.13"|"1.61"|"122.41"|"-37.37"|"1.21"|"14.19"|"14.45"|"13.51"|"14.79"|"14.23"|"12.84"|"12.47"|"12.35"|"13.70"|-1|"-1.00"|"-1.00"|"-1.00"|"20191110_followup_comment_strings"|"2020-01-09 13:58:48.690075"|"2020-01-09 13:58:48.690136"|1|"PNEB,pNonCM"|"--"|"--"|"--"|"--"|"--"|"--"|"--"|"--"|"--"|"--"|"--"|"--"
"5561614350584396800"|"29786532"|"--"|"29786532.01"|1|"CantatGaudin_2018,CantatGaudin_2019_velaOB2,Zari_2018_PMS,CantatGaudin_2018,CantatGaudin_2019_velaOB2,Zari_2018_PMS"|"Collinder_135,cg19velaOB2_pop4,N/A,Collinder_135,cg19velaOB2_pop4,N/A"|"--"|"0.0"|"0.00"|"2.00"|"SP2, Not a planet (young M dwarf secondary). Propose for TripleSpec (4.1, on the SOAR), under the science case of young M dwarf stellar modeling, rather than planets."|"--"|"LCOGT (1 OIBEO 20200114 showed on target) M-dwarf + HJ/BD/M dwarf. 40 Myr old, Gaia membership is strong. 2.5Rjup radius is standard (see Burrows+2001 cooling track). TESS photometry shows rstar rotation is decoupled from orbital period. Need mass measurement to characterize system -- worth spending some time on. Nbhd analysis shows RA/dec a few deg from Collinder135 center. RV not available. PM good. Plx good. CMD good (pre-MS). Ground based phot implies it’s like M3+M6 dwarf. Transit too deep (Rp~=39Re), even given the age. The age and radius imply it's a low-mass stellar companion, with Mstar~0.2Msun if Burrows' models are to be believed. "|"41.51"|"12.45"|"1.59"|"109.98"|"-40.23"|"3.14"|"15.62"|"16.91"|"14.47"|"17.06"|"16.58"|"12.85"|"12.17"|"11.96"|"14.53"|3645|"4.31"|"0.85"|"0.53"|"20191110_followup_comment_strings"|"2020-01-09 13:58:49.097943"|"2020-01-09 13:58:49.097988"|0|"EB,CM,MM_binary"|"--"|"--"|"--"|"--"|"--"|"--"|"--"|"--"|"--"|"--"|"--"|"--"
"5596735638203997824"|"154671430"|"--"|"154671430.01"|1|"Kounkel_2019,CantatGaudin_2018"|"NGC_2527,NGC_2527"|"8.91,8.82"|"1.0"|"0.00"|"0.00"|"SP0 (But V=13.4). HOLD - depth increase vs ap size is janky enough, and price is high enough, that it might be worth prioritizing other objects. Else Go for 3 PFS RVs (or maybe CHIRON?) to assess prospect for mass measurement."|"hold off unless 2mmag precision seems achievable. Ready for RVs!"|"Need blend analysis. Priority for RVs. LCOGT(4 useable from  20191215 & 20191217 & 20191224 & 20191229-- consistent, with shallow signals, but not particularly helpful b/c 0.2% dip). Possible super-Neptune, P=1.1 d orbit. CDIPS report centroid analysis not great b/c of crowdedness ...LCO  ground-based photometry (0.2% dip) did help rule out <40” NEB blends though. Nbhd analysis shows in RA/dec it's relatively far from cluster core (2-3 sigma). Plx, PM look great. CMD shows it's a little bit (1-2 sigma) faint. RA/dec space looks like ~2-3 sigma away from cluster center. CG18 Pmemb=90%. CHIRON(1 recon spectrum in fiber mode) shows star RV is consistent with Gaia cluster RV. Li is strong (as expected for Teff=6270K). 2019-11-26, RV 38.348 0.039 Teff 6236 logg 4.32 feh 0.17 vsini 12.0. Shows a ""nice broad Li line"".  vsini of 12km/s for a Teff=6270K star with Rstar between 1.14Rsun (TIC8) and ~1.3Rsun (Mamajek)implies Prot of ~4.5-5 days, consistent w/ Curtis’ gyro sequences of ~600Myr-1Gyr, and inconsistent with the Prot=10days seen in the field."|"5.90"|"0.45"|"1.16"|"122.31"|"-29.55"|"1.47"|"13.22"|"13.50"|"12.78"|"13.87"|"13.36"|"12.28"|"12.03"|"12.01"|"12.84"|6274|"4.41"|"1.14"|"1.22"|"20191110_followup_comment_strings"|"2020-01-09 13:58:49.469328"|"2020-01-09 13:58:49.469361"|0|"PC"|"--"|"--"|"--"|"--"|"--"|"--"|"--"|"--"|"--"|"--"|"--"|"--"
"5599752663752776192"|"110718787"|"--"|"110718787.01"|1|"CantatGaudin_2018"|"Haffner_13"|"7.52"|"0.0"|"0.00"|"2.00"|"--"|"--"|"LCOGT(2, egresses). HATS (many G602/3, showed event seems to be off-target). Cand HJ around ~30 Myr star, strong rot variability.  Membership seems pretty good (CG18), but RV to verify couldn't hurt. Centriod looks good, but medium-crowded -- ground-based transit followup also needed. Nbhd analysis shows PMs maybe 1 sigma off. Plx good, position fine, CMD good."|"22.67"|"6.80"|"3.09"|"114.73"|"-29.39"|"1.78"|"14.53"|"15.03"|"13.89"|"15.55"|"14.90"|"13.07"|"12.62"|"12.53"|"13.95"|5090|"4.51"|"0.85"|"0.85"|"20191110_followup_comment_strings"|"2020-01-09 13:58:49.850348"|"2020-01-09 13:58:49.850381"|1|"NEB"|"--"|"--"|"--"|"--"|"--"|"--"|"--"|"--"|"--"|"--"|"--"|"--"
"5618515825371166464"|"456787081"|"--"|"456787081.01"|1|"Kharchenko2013"|"ASCC_39"|"8.71"|"1.0"|"1.00"|"2.00"|"--"|"--"|"20191209: LGB retiring due to unconvincing existence of cluster (as visible in neighborhood plots). Cand HJ about K dwarf in ASCC 39. CG18 didnt recover this cluster (raises doubts about existence). Nor did Conrad+17. Cluster would need to be better characterized for strong claims to proceed. Nbhd analysis suggests cluster is maybe coherent in PM and parallax space... but even if it is, the star's membership in the cluster is tenuous. Can follow-up, would be hard to publish."|"-1.00"|"-1.00"|"-1.00"|"113.28"|"-22.86"|"0.83"|"15.97"|"16.45"|"15.34"|"17.22"|"16.17"|"14.63"|"14.15"|"14.10"|"15.39"|5339|"4.52"|"0.87"|"0.92"|"20191110_followup_comment_strings"|"2020-01-09 13:58:50.217936"|"2020-01-09 13:58:50.217983"|1|"notcdips,NonCM"|"--"|"--"|"--"|"--"|"--"|"--"|"--"|"--"|"--"|"--"|"--"|"--"
"5715454237977779968"|"349118653"|"--"|"349118653.01"|1|"CantatGaudin_2018"|"NGC_2421"|"7.45"|"0.0"|"1.00"|"2.00"|"--"|"--"|"Phil Evans ruled out 21 ppt event on target, confirmed 200 ppt NEB on neighbor 7"" East (w/ a 3"" aperture). --> It's a NEB. LCOGT(2, 1 ambig, other ?).  Cand ultra-HJ on 16hr orbit around evolving(?) star in a ~40 Myr old cluster, at ~2kpc. Either (a) stellar EB, given dip size, or (b) inflated/still contracting giant planet / BD. Probably (a), but this one is worth checking. Nbhd analysis shows PMs good, parallax good, CMD is slightly turning off, position fine (maybe 1 sigma from center)."|"44.77"|"13.43"|"0.76"|"114.19"|"-20.50"|"0.35"|"14.24"|"14.54"|"13.78"|"14.83"|"14.35"|"13.16"|"13.02"|"12.89"|"13.86"|7680|"3.79"|"2.84"|"1.80"|"20191110_followup_comment_strings"|"2020-01-09 13:58:50.575440"|"2020-01-09 13:58:50.575473"|1|"NEB"|"--"|"--"|"--"|"--"|"--"|"--"|"--"|"--"|"--"|"--"|"--"|"--"
"5240531632175135616"|"467522800"|"--"|"467522800.01"|1|"Kounkel_2019,Zari_2018_PMS,Kounkel_2019,Zari_2018_PMS"|"IC_2602,--,IC_2602,--"|"8.34,7.55"|"-1"|"0.33"|"2.00"|"SP2 dips show chromaticity"|"--"|"LCOGT(3, 20200131 and 20200204 ip, 20200208 gp). ip vs gp shows strong chromaticity. Initially possible HJ in IC2602; but it's an EB. 2x TLS period."|"20.68"|"1.94"|"1.06"|"168.75"|"-64.35"|"7.25"|"15.33"|"17.04"|"14.07"|"18.36"|"16.54"|"12.24"|"11.65"|"11.37"|"13.98"|3198|"4.74"|"0.49"|"0.49"|"CDIPS_followup_tracker_20200109_import_s8-s11"|"2020-01-09 13:58:50.994717"|"2020-01-09 13:58:50.994750"|1|"EB,CM,MM_binary"|"--"|"--"|"--"|"--"|"--"|"--"|"--"|"--"|"--"|"--"|"--"|"--"
"5246508676134913024"|"269861070"|"--"|"269861070.01"|1|"Zari_2018_PMS"|"--"|"--"|"-1"|"0.33"|"2.00"|"SP2 (V=13). SB2. Triple-lined recon spectrum from CHIRON. Unlikely to ever yield mass without very dedicated campaign."|"--"|"LGB retiring 20200308 as on-target EB (PMS K dwarf) due to odd-even persistence after better detrending. Odd-even affected by spot detrending. Cand HJ, PMS K dwarf (Zari+18). Multisector (S9-S11). Nice Prot~=4.0days, ~3% amplitude. Roughly 2x planet period. That’s sub-Pleiades gyro age. 1 transit window obsd by MEarth South (J Irwin) out of window because of bad ephemeris. 1 by Don Radford (Briarfield0.36m). "|"13.18"|"5.14"|"1.97"|"148.44"|"-64.79"|"4.23"|"12.82"|"13.51"|"12.03"|"14.35"|"13.09"|"10.94"|"10.34"|"10.18"|"12.08"|4457|"4.17"|"1.14"|"0.70"|"CDIPS_followup_tracker_20200109_import_s8-s11"|"2020-01-09 13:58:51.411290"|"2020-01-09 13:58:51.411323"|1|"EB,CM,KM_binary"|"--"|"--"|"--"|"--"|"--"|"--"|"--"|"--"|"--"|"--"|"--"|"--"
"5251740294225360128"|"378421253"|"--"|"378421253.01"|1|"Kounkel_2019,CantatGaudin_2018,GaiaCollaboration2018_tab1a"|"IC_2602,IC_2602,IC2602"|"8.34,7.55"|"-1"|"0.67"|"2.00"|"--"|"--"|"20200119: LGB retiring as PC because extra manual detrending showed its a Mdwarf persistent dipper (shape not at all planetary). Cand super-Neptune; IC2602 (30Myr; CG18). PMS M dwarf. Faint."|"8.19"|"0.34"|"0.75"|"155.38"|"-63.74"|"6.64"|"15.99"|"17.66"|"14.74"|"-1.00"|"-1.00"|"12.97"|"12.34"|"12.10"|"14.65"|3220|"4.82"|"0.41"|"0.40"|"CDIPS_followup_tracker_20200109_import_s8-s11"|"2020-01-09 13:58:51.812648"|"2020-01-09 13:58:51.812683"|1|"dipper,CM"|"--"|"--"|"--"|"--"|"--"|"--"|"--"|"--"|"--"|"--"|"--"|"--"
"5252320149182351744"|"460024410"|"--"|"460024410.01"|1|"Kounkel_2019"|"kc19group_1172"|"8.96"|"-1"|"0.33"|"0.33"|"SP2 (no chance)."|"--"|"Cand HJ; Theia 1172 (KC19). Cluster existence very questionable."|"13.38"|"4.01"|"2.12"|"156.19"|"-62.13"|"1.14"|"13.69"|"14.01"|"13.18"|"14.35"|"13.79"|"12.60"|"12.36"|"12.26"|"13.26"|6730|"4.37"|"1.30"|"1.43"|"CDIPS_followup_tracker_20200109_import_s8-s11"|"2020-01-09 13:58:52.211578"|"2020-01-09 13:58:52.211609"|0|"PC,pNonCM"|"--"|"--"|"--"|"--"|"--"|"--"|"--"|"--"|"--"|"--"|"--"|"--"
"5254794943702272640"|"459997997"|"--"|"459997997.01"|1|"Kounkel_2019"|"kc19group_1141"|"8.94"|"-1"|"0.33"|"2.00"|"SP2 NEB"|"--"|"NEB (Phil Collins, 2020.03.09, in Ic). This is a bright field star, TIC8 Teff=8500K. CHIRON recon claims Teff=6000K. Retiring from further CDIPS followup, but worth DT verification (P=5.5d, V=10.5).  2020-02-04T08-55-03.8 2458883.8790700003 RV -1.798 0.573 Teff 5940 logg 2.99 feh -0.16 vsini 48.2. Cand WJ, Theia 1141 (KC19). Group existence is weak. (Possibly T=10.5 field star). Hot and bright enough to enable doppler tomography, so worth pursuing regardless."|"15.51"|"0.81"|"5.55"|"156.25"|"-60.58"|"1.89"|"10.66"|"10.81"|"10.42"|"10.85"|"10.52"|"10.12"|"10.01"|"10.05"|"10.47"|8511|"4.15"|"2.04"|"2.12"|"CDIPS_followup_tracker_20200109_import_s8-s11"|"2020-01-09 13:58:52.591356"|"2020-01-09 13:58:52.591389"|1|"NEB,notcdips"|"--"|"--"|"--"|"--"|"--"|"--"|"--"|"--"|"--"|"--"|"--"|"--"
"5255504399239636992"|"463903016"|"--"|"463903016.01"|1|"Kounkel_2019"|"kc19group_908"|"8.79"|"-1"|"0.33"|"0.33"|"SP2"|"--"|"Cand HJ, Theia 908 (500Myr; KC19). Crowded+faint; neighbor spot signal."|"11.31"|"2.10"|"1.44"|"154.90"|"-58.90"|"3.80"|"17.07"|"18.34"|"15.89"|"-1.00"|"18.15"|"14.32"|"13.74"|"13.69"|"15.83"|3455|"4.86"|"0.36"|"0.35"|"CDIPS_followup_tracker_20200109_import_s8-s11"|"2020-01-09 13:58:52.942359"|"2020-01-09 13:58:52.942393"|0|"PC,pNonCM"|"--"|"--"|"--"|"--"|"--"|"--"|"--"|"--"|"--"|"--"|"--"|"--"
"5256502966294604800"|"853388144"|"--"|"853388144.01"|1|"CantatGaudin_2018"|"NGC_3114"|"8.3"|"-1"|"0.33"|"2.00"|"SP2"|"--"|"LCOGT(1, 20200203, showed is NEB). Cand HJ; NGC 3114 (300Myr; CG18). Check for NEB."|"33.53"|"10.06"|"1.65"|"151.25"|"-60.30"|"0.93"|"15.71"|"16.17"|"15.03"|"-1.00"|"15.95"|"-1.00"|"-1.00"|"-1.00"|"15.12"|5750|"4.57"|"0.87"|"1.03"|"CDIPS_followup_tracker_20200109_import_s8-s11"|"2020-01-09 13:58:53.325063"|"2020-01-09 13:58:53.325096"|1|"NEB"|"--"|"--"|"--"|"--"|"--"|"--"|"--"|"--"|"--"|"--"|"--"|"--"
"5256717749007641344"|"462162963"|"--"|"462162963.01"|1|"CantatGaudin_2018"|"NGC_3114"|"8.3"|"-1"|"0.50"|"0.50"|"SP1. Get 1 CHIRON recon spectrum to check vsini, Doppler tomography prospects, and cluster membership"|"10 OIBEO gp sched. multisector fixed."|"LCOGT(2, 20200116 OIBEO, showed most likely on-target. 20200204 OIBE showed dip, but 30 nbhrs within 2’ show similar variability. 20200208 and 20200212 gp showed maybe same depth, but still could be NEB.). Near TOI 684 (but different), very hot star. HJ, NGC 3114 (~150Myr, CG18). Multisector. CHIRON(1) yields vsini~=50km/s, no further spec FU needed unless we decide this is worth a shot for DT. But with Bp =12.6, perhaps a bit faint for it.  2020-02-08T08-03-09.1 2458887.84865 RV -0.629 0.911 Teff 7116 logg 3.93 feh 0.24 vsini 48.0. Maybe if more phot FU shows no chromaticity?"|"23.84"|"7.72"|"1.35"|"150.37"|"-59.85"|"0.97"|"12.50"|"12.62"|"12.28"|"12.64"|"12.43"|"12.03"|"11.98"|"11.98"|"12.39"|14466|"-1.00"|"-1.00"|"-1.00"|"CDIPS_followup_tracker_20200109_import_s8-s11"|"2020-01-09 13:58:53.729671"|"2020-01-09 13:58:53.729718"|0|"PC"|"--"|"--"|"--"|"--"|"--"|"--"|"--"|"--"|"--"|"--"|"--"|"--"
"5290968085934209152"|"410450228"|"681"|"681.01"|1|"GaiaCollaboration2018_tab1b,Kounkel_2019,CantatGaudin_2018,Zari_2018_UMS,GaiaCollaboration2018_tab1b,Kounkel_2019,CantatGaudin_2018,Zari_2018_UMS"|"NGC2516,NGC_2516,NGC_2516,--,NGC2516,NGC_2516,NGC_2516,--"|"8.48,8.4"|"-1"|"0.67"|"2.00"|"--"|"--"|"TOI 681 in NGC 2516 (broad catalog agreement). SG2 lists as Chile-MPIA (4 Coralie, 4 FEROS, looks like a 70 MJ BD). The period is 15 days. At 300 Myr, valuable benchmark! Any NGC 2516 analysis should mention. Rafael Brahm & the Chile-MPIA team are following -- no further RVs needed. It’s ready for writing up (maybe with a few more RVs)"|"13.08"|"4.24"|"15.78"|"117.89"|"-60.41"|"2.34"|"10.91"|"11.07"|"10.64"|"11.36"|"10.88"|"10.33"|"10.21"|"10.16"|"10.68"|7296|"4.20"|"1.69"|"1.65"|"CDIPS_followup_tracker_20200109_import_s8-s11"|"2020-01-09 13:58:54.123300"|"2020-01-09 13:58:54.123331"|1|"BD,CM,F_BD_binary"|"--"|"--"|"--"|"--"|"--"|"--"|"--"|"--"|"--"|"--"|"--"|"--"
"5304507540851982592"|"46029346"|"--"|"46029346.01"|1|"Kounkel_2019"|"kc19group_163"|"7.89"|"-1"|"0.11"|"2.00"|"SP2 (V=12.4, deep, shows RV variations indicative of SB1 binary)."|"--"|"20200226, LGB retiring as EB due to large RV variations (24km/s) indicative of a binary anti-phased with the transit ephemeris (CHIRON-Zhou, 2). LCOGT (1, 20200127, well out of transit b/c of imprecise ephemeris. Try again w/ updateephem. 20200214 ip, 20200224 gp combined do not show chromaticity. Phil Evans 20200220 in Rc 45-50ppt.). Cand HJ, Theia 163 member (60 Myr; KC19). Deep transit. Multisector. Prot ~ 1.5 days, compared to ~1.4 for orbital period. But definitely different. Rot amplitude of 7-8%. Good group for Jason and Luke to work on, but stars do seem very coeval vs the nbhd, strongly suggesting group is real. Careful inspection of CDIPS raw LCs shows secondary eclipse, though not necessarily game-ending."|"25.45"|"12.08"|"1.38"|"131.83"|"-57.19"|"2.75"|"12.21"|"12.55"|"11.73"|"12.94"|"12.42"|"11.19"|"10.92"|"10.80"|"11.78"|6089|"4.41"|"1.10"|"1.14"|"CDIPS_followup_tracker_20200109_import_s8-s11"|"2020-01-09 13:58:54.516676"|"2020-01-09 13:58:54.516708"|1|"EB,CM"|"--"|"--"|"--"|"--"|"--"|"--"|"--"|"--"|"--"|"--"|"--"|"--"
"5308445029440522112"|"444222135"|"--"|"444222135.01"|1|"Kounkel_2019"|"kc19group_1242"|"9.1"|"-1"|"0.33"|"0.33"|"SP2 (no chance)."|"--"|"Cand HJ, Theia 1242. Tdur long + maybe TTV?. Cluster maybe nonexistent."|"16.93"|"1.51"|"3.04"|"147.34"|"-54.16"|"1.56"|"12.93"|"13.21"|"12.49"|"13.58"|"13.16"|"11.95"|"11.67"|"11.65"|"12.55"|6298|"4.35"|"1.24"|"1.24"|"CDIPS_followup_tracker_20200109_import_s8-s11"|"2020-01-09 13:58:54.899600"|"2020-01-09 13:58:54.899636"|0|"PC,pNonCM"|"--"|"--"|"--"|"--"|"--"|"--"|"--"|"--"|"--"|"--"|"--"|"--"
"5309192628626779648"|"432564189"|"--"|"432564189.01"|1|"CantatGaudin_2018"|"Ruprecht_82"|"8.37"|"-1"|"0.67"|"2.00"|"--"|"--"|"20200118, LGB retiring as EB. Cand HJ (maybe EB). Ruprecht 82 (230Myr; CG18, d=2kpc). Prop motion weakly suspicious. Even if it is 230Myr old, Rp of >3Rjup is highly questionable."|"39.02"|"11.71"|"3.76"|"146.52"|"-53.98"|"0.46"|"13.98"|"14.24"|"13.55"|"14.44"|"14.07"|"12.98"|"12.75"|"12.70"|"13.62"|7116|"3.89"|"2.35"|"1.58"|"CDIPS_followup_tracker_20200109_import_s8-s11"|"2020-01-09 13:58:55.271403"|"2020-01-09 13:58:55.271433"|1|"EB"|"--"|"--"|"--"|"--"|"--"|"--"|"--"|"--"|"--"|"--"|"--"|"--"
"5312011948237411456"|"298077526"|"--"|"298077526.01"|1|"Kounkel_2019"|"kc19group_1242"|"9.1"|"-1"|"0.33"|"0.33"|"SP2"|"--"|"Cand HJ, Theia 1242. Cluster maybe nonexistent. Hot star."|"9.74"|"0.63"|"1.92"|"142.71"|"-53.85"|"1.39"|"12.35"|"12.66"|"11.88"|"13.07"|"12.44"|"11.31"|"11.13"|"11.01"|"11.97"|8100|"4.20"|"1.84"|"1.97"|"CDIPS_followup_tracker_20200109_import_s8-s11"|"2020-01-09 13:58:55.654726"|"2020-01-09 13:58:55.654757"|0|"PC,pNonCM"|"--"|"--"|"--"|"--"|"--"|"--"|"--"|"--"|"--"|"--"|"--"|"--"
"5312141072137904512"|"859480036"|"--"|"859480036.01"|1|"Kounkel_2019,CantatGaudin_2018"|"NGC_2925,NGC_2925"|"7.8,8.04"|"-1"|"0.17"|"2.00"|"SP2, it's a double-lined binary."|"--"|"Retired 20200210 as double-lined EB. Cand HJ, NGC 2925 (100Myr; CG18; KC19). Photometric binary likely (wouldnt be subgiant because its before turnoff). Multisector. pmDEC is off, by 0.5 mas/yr. This could be done with a projected onsky orbital velocity of 1.8km/s, which equating to the semiamplitude would give msini of 15Mjup. CDIPS LC has hints of phase modulation in S9 and S10. Teff=7000K, so “precise” mass measurement not a question. But we only need 100m/s precision. 1 CHIRON recon spectrum shows double lined; it's an EB. "|"27.40"|"9.87"|"2.60"|"143.15"|"-53.43"|"1.28"|"12.89"|"13.18"|"12.44"|"-1.00"|"13.01"|"-1.00"|"-1.00"|"-1.00"|"12.51"|7070|"4.27"|"1.52"|"1.56"|"CDIPS_followup_tracker_20200109_import_s8-s11"|"2020-01-09 13:58:56.058791"|"2020-01-09 13:58:56.058825"|1|"pEB,SB2"|"--"|"--"|"--"|"--"|"--"|"--"|"--"|"--"|"--"|"--"|"--"|"--"
"5321581959996214016"|"93275779"|"--"|"93275779.01"|1|"CantatGaudin_2018,GaiaCollaboration2018_tab1a,Kounkel_2019"|"IC_2391,IC2391,IC_2391"|"8.05,7.67"|"-1"|"0.33"|"0.33"|"SP2"|"--"|"Cand super-Neptune, IC2391 (~80Myr; CG18). PMS M dwarf; faint. Tdur is long (like 2x too long given supposed host star). Schedule 2m ip followup. Seems somewhat likely to be persistent dipper."|"6.28"|"1.22"|"0.91"|"129.94"|"-52.32"|"6.65"|"16.31"|"17.95"|"15.05"|"19.15"|"-1.00"|"13.24"|"12.64"|"12.38"|"14.96"|3232|"4.85"|"0.37"|"0.36"|"CDIPS_followup_tracker_20200109_import_s8-s11"|"2020-01-09 13:58:56.460087"|"2020-01-09 13:58:56.460122"|0|"dipper"|"--"|"--"|"--"|"--"|"--"|"--"|"--"|"--"|"--"|"--"|"--"|"--"
"5322083917107299712"|"92896631"|"--"|"92896631.01"|1|"CantatGaudin_2019_velaOB2"|"cg19velaOB2_pop2"|"--"|"-1"|"0.17"|"2.00"|"SP2, recon spectrum showed composite, likely SB2."|"4 OIBEO pre 20200330. 3 OIBE on the same timescale. multisector fixed."|"Retiring as SB2, b/c CHIRON is showing composite spectrum between two rapidly rotating stars. Depth is suspicious too. Cand WJ, Vela OB2 pop2 (<50Myr CG19). If its so young, wouldn’t the star be more active?"|"36.53"|"9.62"|"5.64"|"129.25"|"-50.39"|"2.50"|"11.34"|"11.68"|"10.86"|"12.06"|"11.47"|"10.32"|"9.99"|"9.93"|"10.92"|6712|"4.11"|"1.75"|"1.43"|"CDIPS_followup_tracker_20200109_import_s8-s11"|"2020-01-09 13:58:56.836938"|"2020-01-09 13:58:56.836983"|1|"EB,SB2"|"--"|"--"|"--"|"--"|"--"|"--"|"--"|"--"|"--"|"--"|"--"|"--"
"5329853517263005696"|"260119000"|"--"|"260119000.01"|1|"CantatGaudin_2019_velaOB2"|"cg19velaOB2_pop4"|"--"|"-1"|"0.33"|"2.00"|"--"|"--"|"Retired 20200204 as NEB/possible field HJ. Cand HJ, Vela OB2 pop4 (20Myr CG19). LCOGT(1, 20200202, showed it’s not on target. There is a flat-bottomed transit on TIC260118987, a 10” neighbor, = Gaia 5329853517263007360. However this neigbhor which likely hosts the dip seems to be somewhat evolved, and is not on the target list. Phil Evans saw the same, off-target, roughly simultaneously). Centroid unclear. If it’s really that young, it should show spots. Likely spurious membership? It’s in the dispersed portion of NGC2541B/pop4. Check for Li. "|"12.34"|"3.70"|"2.94"|"130.96"|"-46.25"|"2.38"|"14.13"|"14.67"|"13.46"|"15.05"|"14.43"|"12.64"|"12.16"|"12.06"|"13.50"|5695|"4.66"|"0.78"|"1.01"|"CDIPS_followup_tracker_20200109_import_s8-s11"|"2020-01-09 13:58:57.229560"|"2020-01-09 13:58:57.229590"|1|"NEB"|"--"|"--"|"--"|"--"|"--"|"--"|"--"|"--"|"--"|"--"|"--"|"--"
"5338645555866749952"|"306385801"|"--"|"306385801.01"|1|"Kounkel_2019,Dias2014,GaiaCollaboration2018_tab1b,CantatGaudin_2018,Kharchenko2013,Zari_2018_UMS,Kounkel_2019,Dias2014,GaiaCollaboration2018_tab1b,CantatGaudin_2018,Kharchenko2013,Zari_2018_UMS"|"NGC_3532,NGC 3532,NGC3532,NGC_3532,NGC_3532,--,NGC_3532,NGC 3532,NGC3532,NGC_3532,NGC_3532,--"|"8.65,8.55"|"-1"|"0.33"|"2.00"|"SP2 (was SP0 before recon showed EB)."|"2 OIBEO, 1 OIBE, 1 IBEO, 7 OIB, 4 BEO before 20200530. multisector fixed"|"LCOGT(1, OIBE, 20200211, nice on-target ingress, confirm 7 day, not 14!). Nice WJ, NGC 3532 (300Myr;many authors). P=7d or P=14d from TESS. 4 transits over S10&S11. Good DT target. Evans observed odd ingress in Rc 20200225, confirmed on-target and 7 day. Retiring as P=7day EB in NGC 3532. Presumably A+M dwarf. 3 CHIRON spectra showed extremely narrow lines, indicative of tidal synchronization by a high mass companion. Also showed RV variability over these 3 epochs at 20km/s."|"22.73"|"0.79"|"7.02"|"166.66"|"-58.86"|"2.05"|"9.51"|"9.54"|"9.50"|"6.08"|"9.84"|"9.49"|"9.48"|"9.44"|"9.53"|10120|"4.19"|"2.16"|"2.60"|"CDIPS_followup_tracker_20200109_import_s8-s11"|"2020-01-09 13:58:57.601875"|"2020-01-09 13:58:57.601907"|1|"EB,CM,AM_binary"|"--"|"--"|"--"|"--"|"--"|"--"|"--"|"--"|"--"|"--"|"--"|"--"
"5339389268061191040"|"308425348"|"--"|"308425348.01"|1|"CantatGaudin_2018,GaiaCollaboration2018_tab1b,Kounkel_2019"|"NGC_3532,NGC3532,NGC_3532"|"8.65,8.55"|"-1"|"0.67"|"2.00"|"SP2"|"--"|"Cand super-Neptune; NGC 3532; initially flagged as “maybe false alarm” but it seems clearly in LC. Need LC with ~mmag precision (depth 2 mmag). Reasonably crowded – might be on a neighbor star. CHIRON recon gives broad lines, 2020-02-03T08-00-08.2 2458882.8414 RV 7.053 0.062 Teff 6254 logg 4.22 feh 0.03 vsini 20.6. RV agrees with Gaia dn cluster mean. So does vsini. Need the phot followup. LCOGT 20200215 OIBEO ip challenging reduction, but maybe saw egress.  CHIRON(2) shows RVs show 2km/s variations in phase with the transit ephemeris. Perhaps misclassified, and it's a BD (or blended EB) and not a 6Re planet.  LGB will schedule 2 additional CHIRON slicer/fiber observations, as appropriate. 3 CHIRON RVs show a 2km/s variation, perhas indicating a BD or stellar companion. Closer inspection of vetting report shows it’s probably offtarget."|"5.87"|"1.88"|"3.40"|"167.58"|"-58.98"|"2.07"|"12.68"|"12.98"|"12.23"|"13.30"|"12.73"|"11.69"|"11.50"|"11.41"|"12.29"|6271|"4.45"|"1.09"|"1.22"|"CDIPS_followup_tracker_20200109_import_s8-s11"|"2020-01-09 13:58:57.992422"|"2020-01-09 13:58:57.992454"|1|"offtarget,pBD"|"--"|"--"|"--"|"--"|"--"|"--"|"--"|"--"|"--"|"--"|"--"|"--"
"5404579488593432576"|"135036669"|"--"|"135036669.01"|1|"Kounkel_2019"|"IC_2602"|"8.34,7.55"|"-1"|"0.33"|"0.33"|"SP2. Put it on the TripleSpec proposal."|"--"|"Cand super-Neptune; IC2602 (30Myr; KC19). PMS M dwarf. Faint. Tdur is long (2.4hr vs 0.8hr predicted). Suspect it’s another Mdwarf persistent dipper. The shape is a bit weird. d=130pc, they don’t get much better! But Rp=15.6, T=15.7"|"7.31"|"0.32"|"0.91"|"150.27"|"-52.44"|"7.58"|"17.20"|"19.25"|"15.84"|"20.47"|"-1.00"|"13.77"|"13.22"|"12.91"|"15.71"|2999|"4.95"|"0.27"|"0.25"|"CDIPS_followup_tracker_20200109_import_s8-s11"|"2020-01-09 13:58:58.372668"|"2020-01-09 13:58:58.372704"|0|"dipper,pPC"|"--"|"--"|"--"|"--"|"--"|"--"|"--"|"--"|"--"|"--"|"--"|"--"
"5405530566146401408"|"432925586"|"--"|"432925586.01"|1|"Zari_2018_PMS"|"--"|"--"|"-1"|"0.67"|"0.67"|"SP2. It’s faint. Put it on TripleSpec proposal."|"--"|"Cand HJ; PMS M dwraf (Zari+18). No stellar rotn (worrying). Check spectra for activity."|"17.66"|"0.84"|"2.02"|"146.98"|"-52.01"|"2.03"|"16.78"|"18.08"|"15.65"|"19.84"|"17.84"|"14.13"|"13.46"|"13.25"|"15.60"|3469|"4.61"|"0.65"|"0.62"|"CDIPS_followup_tracker_20200109_import_s8-s11"|"2020-01-09 13:58:58.740140"|"2020-01-09 13:58:58.740177"|0|"PC,pNonCM"|"--"|"--"|"--"|"--"|"--"|"--"|"--"|"--"|"--"|"--"|"--"|"--"
"5406188928778889472"|"133323306"|"--"|"133323306.01"|1|"Kounkel_2019"|"kc19group_988"|"8.75"|"-1"|"0.50"|"0.50"|"SP2"|"--"|"Cand 1.1d HJ, Theia 988 (~500Myr; KC19). Short period rotn(?) signal too. Multisector. Porb=1.094968, Prot=0.264554. No harmonic. “Rotation” looks more like contact EB though. Strongly suspect group is not real – the HR diagram is garbage. "|"12.55"|"0.85"|"1.10"|"149.57"|"-49.94"|"1.06"|"12.29"|"12.52"|"11.90"|"12.87"|"12.42"|"11.43"|"11.29"|"11.20"|"11.97"|7330|"3.99"|"2.16"|"1.66"|"CDIPS_followup_tracker_20200109_import_s8-s11"|"2020-01-09 13:58:59.114543"|"2020-01-09 13:58:59.114578"|0|"PC,pNonCM"|"--"|"--"|"--"|"--"|"--"|"--"|"--"|"--"|"--"|"--"|"--"|"--"
"5489726768531119616"|"268301217"|"--"|"268301217.01"|1|"Kounkel_2019"|"NGC_2516"|"8.48,8.4"|"-1"|"0.00"|"0.00"|"SP0. GO for PFS at ~10m/s precision (**no need for 1m/s**).  Get 1 spectrum, confirm it has Li (EW > 50mA expected); avoid neighbor 20"" west.  Then 4 additional RVs (5 total) at ~10m/s precision (vsini=9km/s expected) to determine if SB1.  Predicted K_planet=204m/s, P_orb=0.95d, K_spot=135m/s, P_rot=6d."|"--"|"LCOGT (3, OIBEO, consistent w TESS and on-target.  20200121, 20200129, 20200131 LCO show same. 20200214 in rc by Phil Evans. 20200214 gp shows no chromaticity.). Cand HJ, NGC 2516 (300Myr; KC19). Bright in cluster HR diagram, need AO imaging to constrain possible companions. At Teff=5700K, shouldnt it show rotation? Yes, and it does, at Prot~6 or 7 days from CDIPS LC. Maybe ~1.5% amplitude. This is exactly what the Curtis+19 gyro relations would predict. Also, Gaia plx, PMs look great, it’s the ra/dec that probably led it to not being a CG18 member. NB. DR2 RV is perfectly with cluster as well (RV=27.77km/s). vsini=7.7 pm 0.5 km/s from GZ’s LSD profile, in agreement with Prot. Nice!"|"13.36"|"0.79"|"0.95"|"116.37"|"-52.38"|"2.38"|"13.02"|"13.44"|"12.43"|"14.01"|"13.18"|"11.72"|"11.32"|"11.23"|"12.49"|5707|"4.39"|"1.07"|"1.02"|"CDIPS_followup_tracker_20200109_import_s8-s11"|"2020-01-09 13:58:59.502591"|"2020-01-09 13:58:59.502622"|0|"PC"|0|"7.00"|"8.00"|"0.0150"|"120.00"|"1.38"|"0.99"|"317.83"|"203.91"|"74.86"|"1.70"|"75.95"
"5514373043228306816"|"238616144"|"--"|"238616144.01"|1|"Kounkel_2019"|"NGC_2547"|"7.89,7.5"|"-1"|"0.67"|"2.00"|"SP2"|"--"|"Retiring as SB2 from 2 CHIRON epochs. Cand HJ, NGC 2547 (30Myr; KC19). LCOGT (2, 20200116 shows on-target and consistent, 20200203, 20200212 showed same depth, but shape is more like a blended EB than a planet). SG1 (El Sauce, Phil Evans) verifies as VPC, Phil Evans observed a full on 20200203 in Ic and confirmed a 26 ppt V-shaped event in a 5.1"" target aperture, which is not contaminated with a star bright enough to cause the event in the target aperture. 1 extra SG1 from Chris S Hazelwood, ingress. From TESS, maybe odd-even (but seems more like LC artifact); check star for activity.There’s a T=9 neighbor 30 arcsec away, but seems unlikely to be on it (ground-based followup confirmed). Teff=6800K, so a bit odd the star isn’t more active. Need spectra to check for Li and mass suitability. 20200127 CHIRON recon shows double-lined binary, with no lithium.  2020-01-27T05-49-00.7 2458875.75427 RV 53.676 0.141 Teff 6247 logg 4.1 feh -0.3 vsini 13.3. It’s also a photometric binary from HR diagram."|"27.39"|"11.16"|"2.47"|"122.50"|"-49.14"|"2.90"|"10.90"|"11.16"|"10.51"|"11.45"|"11.06"|"10.03"|"9.80"|"9.78"|"10.56"|6825|"4.21"|"1.57"|"1.47"|"CDIPS_followup_tracker_20200109_import_s8-s11"|"2020-01-09 13:58:59.904988"|"2020-01-09 13:58:59.905024"|0|"EB,SB2"|"--"|"--"|"--"|"--"|"--"|"--"|"--"|"--"|"--"|"--"|"--"|"--"
"5523449717870971776"|"140978827"|"--"|"140978827.01"|1|"Kounkel_2019"|"BH_34"|"8.48,7.76"|"-1"|"0.67"|"1.00"|"SP1 (V=14.2). Hard to follow and probable EB."|"6 OIBEO gp before 20200330 (none available after)"|"Cand WJ, BH 34 (70Myr; KC19). Quite deep. (Maybe EB). LCOGT (1, 20200210, ip, on-target and good; ditto Phil Evans 20200210 ip). 1 CHIRON spectrum (which had a wonky Mgb order) shows 2020-02-11T04-24-38.7 2458890.71953 RV 5.998 0.063 Teff 5873 logg 4.4 feh 0.14 vsini 12.9.  If Teff is really this low, means could be planetary. The ""cluster"" in KC19 is apparently 3 wonky clumps. The dips, at 5%, are also very deep, suggsting an EB. Weak Li in the recon spectrum. The 6km/s RV from the CHIRON spectrum is weakly inconsistent with the KC19 ""member"" RVs."|"23.01"|"6.90"|"8.30"|"128.74"|"-43.27"|"1.36"|"14.02"|"14.38"|"13.50"|"14.85"|"14.21"|"12.91"|"12.57"|"12.51"|"13.58"|7672|"4.74"|"0.95"|"1.80"|"CDIPS_followup_tracker_20200109_import_s8-s11"|"2020-01-09 13:59:00.603730"|"2020-01-09 13:59:00.603765"|0|"PC,pEB"|"--"|"--"|"--"|"--"|"--"|"--"|"--"|"--"|"--"|"--"|"--"|"--"
"5544257185155788672"|"133260600"|"--"|"133260600.01"|1|"Zari_2018_PMS,CantatGaudin_2019_velaOB2"|"N/A,cg19velaOB2_pop2"|"--"|"-1"|"0.67"|"2.00"|"SP2. (V=15. K=12. Teff=4700K K dwarf). Good for TripleSpec proposal, but EB."|"--"|"20200220 LGB ruling as EB (on target) due to gp vs ip chromaticity. 20200209 Phil Evans confirmed on target ip. 20200219 LCO gp showed strong chromaticity. Probably EB, else HJ in Vela OB2 pop2 (<50Myr, CG19). S7 and S8 available."|"43.72"|"13.12"|"1.42"|"120.81"|"-37.28"|"2.02"|"14.60"|"15.30"|"13.80"|"16.07"|"14.98"|"12.77"|"12.19"|"12.06"|"13.85"|4687|"4.26"|"1.06"|"0.75"|"CDIPS_followup_tracker_20200109_import_s8-s11"|"2020-01-09 13:59:01.308363"|"2020-01-09 13:59:01.308441"|1|"EB,CM"|"--"|"--"|"--"|"--"|"--"|"--"|"--"|"--"|"--"|"--"|"--"|"--"
"5548219137873425280"|"146129309"|"--"|"146129309.01"|1|"Zari_2018_UMS,CantatGaudin_2019_velaOB2"|"N/A,cg19velaOB2_pop7"|"--"|"-1"|"0.67"|"2.00"|"SP2, was SP0. Hold for further spec (have 1 Veloce, 1 CHIRON).Predicted K_planet=110m/s, P_orb=3.2d, K_spot?=40m/s, P_rot?=3d."|"14 OIBEO pre 20200407, 2 OIBE before the same"|"Retiring as SB2 from 2 CHIRON epochs. LCOGT Phot FU showed this target was on the neighor (5 arcsec away), but a 5"" neighbor that is SB2 is nonetheless worrying enough to retire it. LCOGT(1, 20200203, clouded out, 20200212 pending). Maybe on TIC146129313 (which is also cluster member, and is ~5 arcsec separated neighbor to NE). HJ in Vela OB2 pop6 (20Myr, CG19). Have S7 and S8 LC. If Teff=6670K, it’s plausible that it should not show rotation period (exactly the transition region in eg. Curtis 2019 fig 4). Recon spectrrum gives 2020-01-27T06-22-18.9 2458875.78853 RV -96.606 0.714 Teff 6435 logg 4.28 feh 0.44 vsini 16.0. vsini of 16km/s for a 6400K dwarf (Rstar=1.3 or 1.4) is uncomfortably low; it drives Prot to like 4 or 5 days, instead of the 2 or 3 where it is expected. I think holding off for phot followup is the right approach here.  Phot followup yields: V-shaped transit signal is present, due to TIC146129313 rather than 146129309... need to update this entry correspondingly!!"|"12.97"|"2.08"|"3.21"|"123.50"|"-31.15"|"2.27"|"11.19"|"11.43"|"10.81"|"10.92"|"11.21"|"10.38"|"10.17"|"10.14"|"10.86"|6663|"4.12"|"1.71"|"1.41"|"CDIPS_followup_tracker_20200109_import_s8-s11"|"2020-01-09 13:59:01.707205"|"2020-01-09 13:59:01.707236"|1|"pEB,pSB2"|"--"|"--"|"--"|"--"|"--"|"--"|"--"|"--"|"--"|"--"|"--"|"--"
"5790098845432414464"|"396368313"|"--"|"396368313.01"|1|"Kounkel_2019"|"kc19group_264"|"7.94"|"-1"|"0.67"|"0.67"|"SP2"|"--"|"Cand HJ; hot star; Theia 264 (90 Myr claimed; KC19; existence questionable). 20200219 Phil Evans 1 on-target and VPC in i-band."|"17.41"|"8.14"|"3.09"|"212.84"|"-75.83"|"1.38"|"11.31"|"11.37"|"11.18"|"11.46"|"11.13"|"11.00"|"11.01"|"10.94"|"11.24"|9401|"4.39"|"1.63"|"2.39"|"CDIPS_followup_tracker_20200109_import_s8-s11"|"2020-01-09 13:59:02.095517"|"2020-01-09 13:59:02.095550"|0|"PC"|"--"|"--"|"--"|"--"|"--"|"--"|"--"|"--"|"--"|"--"|"--"|"--"
"5838183443852841216"|"359357695"|"--"|"359357695.01"|1|"Zari_2018_PMS"|"--"|"--"|"-1"|"0.00"|"0.00"|"SP0 (V=16.5, K=10.4). Ideal for TripleSpec"|"15 OIBEO pre 20200315"|"LCOGT(2, 20200207, 20200208 did not reduce well). Cand super-Neptune; PMS M dwarf (Zari+18, rotn period). This one seems real. Phil Evans observed a full on 20200311 in Ic, seems on target. Boost to VPC."|"5.96"|"1.71"|"1.73"|"182.73"|"-75.13"|"9.72"|"14.49"|"16.39"|"13.17"|"18.16"|"16.48"|"11.23"|"10.68"|"10.37"|"13.06"|3082|"4.69"|"0.56"|"0.55"|"CDIPS_followup_tracker_20200109_import_s8-s11"|"2020-01-09 13:59:02.478510"|"2020-01-09 13:59:02.478543"|0|"PC"|"--"|"--"|"--"|"--"|"--"|"--"|"--"|"--"|"--"|"--"|"--"|"--"
"5869166341556812032"|"1030389830"|"--"|"1030389830.01"|1|"Kounkel_2019"|"Johansson_1"|"8.73,8.02"|"-1"|"0.33"|"0.33"|"SP2"|"--"|"Probable EB. Cand HJ in ""Johansson 1"" (maybe nonexistent, but stars more coeval than nbhd)."|"25.48"|"7.64"|"0.69"|"203.73"|"-59.91"|"1.25"|"15.48"|"16.02"|"14.74"|"-1.00"|"15.79"|"-1.00"|"-1.00"|"-1.00"|"14.82"|5584|"4.57"|"0.85"|"0.99"|"CDIPS_followup_tracker_20200109_import_s8-s11"|"2020-01-09 13:59:02.895038"|"2020-01-09 13:59:02.895070"|0|"PC,pNonCM,pEB"|"--"|"--"|"--"|"--"|"--"|"--"|"--"|"--"|"--"|"--"|"--"|"--"
"3007171311355035136"|"443387847"|"--"|"443387847.01"|1|"Dias2014"|"ASCC 24"|"7.3"|"-1"|"1.00"|"2.00"|"--"|"--"|"Candidate 30 Myr massive star with giant planet. Kinematics and phot plausible with cluster membership, but ASCC 24 is sparse, and K13 labels a MG.  However CG18 does not recover -- raises suspicions about the existence of the group itself.  Photometry would be surprisingly quiet for a 30 Myr star.  Need RV to check for consistency with Kharchenko+13 RV. Otherwise, further analysis of the group's existence is needed."|"-1.00"|"-1.00"|"-1.00"|"97.03"|"-6.69"|"1.16"|"11.70"|"12.01"|"11.25"|"12.36"|"11.81"|"10.70"|"10.54"|"10.45"|"11.34"|8258|"3.83"|"2.88"|"2.03"|"CDIPS_followup_tracker_20190721_import_s6-s7_very_deprecated"|"2020-01-09 13:59:10.825897"|"2020-01-09 13:59:10.825931"|1|"NonCM"|"--"|"--"|"--"|"--"|"--"|"--"|"--"|"--"|"--"|"--"|"--"|"--"
"3027361888196408832"|"55860367"|"--"|"55860367.01"|1|"Dias2014"|"Bochum 5"|"7.4"|"-1"|"1.00"|"2.00"|"--"|"--"|"Phase modulation strongly suggests short-period eccentric EB."|"-1.00"|"-1.00"|"-1.00"|"112.85"|"-16.84"|"1.05"|"10.83"|"10.86"|"10.75"|"10.88"|"10.89"|"10.60"|"10.66"|"10.60"|"10.81"|10385|"4.10"|"2.41"|"2.68"|"CDIPS_followup_tracker_20190721_import_s6-s7_very_deprecated"|"2020-01-09 13:59:19.386863"|"2020-01-09 13:59:19.386897"|1|"EB"|"--"|"--"|"--"|"--"|"--"|"--"|"--"|"--"|"--"|"--"|"--"|"--"
"3032708332208099840"|"296178704"|"--"|"296178704.01"|1|"Kharchenko2013"|"Basel_11A"|"7.42"|"-1"|"1.00"|"2.00"|"--"|"--"|"Low SNR & crowded. Needs ground-based transits to confirm presence of signal, and location. Purported 2% signal, 50 Myr-old."|"-1.00"|"-1.00"|"-1.00"|"109.36"|"-13.82"|"0.44"|"15.29"|"15.67"|"14.73"|"16.43"|"15.35"|"14.00"|"13.74"|"13.59"|"14.80"|6348|"4.05"|"1.75"|"1.26"|"CDIPS_followup_tracker_20190721_import_s6-s7_very_deprecated"|"2020-01-09 13:59:23.987358"|"2020-01-09 13:59:23.987392"|1|"NonCM"|"--"|"--"|"--"|"--"|"--"|"--"|"--"|"--"|"--"|"--"|"--"|"--"
"3064530810048196352"|"88977253"|"496"|"496.01"|1|"CantatGaudin_2018,Kounkel_2019,GaiaCollaboration2018_tab1b"|"NGC_2548,NGC_2548,NGC2548"|"8.72,8.6"|"-1"|"1.00"|"2.00"|"--"|"--"|"Good SNR signal, V-shaped. SG2 lists: ""V-shaped; Large planet; but could be close to 2 R_Jup. WASP follow-up shows this is a low-mass EB."" CG18 P_memb = 100%, thuogh the LAMOST RV suggests otherwise (at low significance?). In M48, 400 Myr. Worth including in any homogeneous paper."|"28.98"|"14.56"|"2.77"|"123.10"|"-5.77"|"1.24"|"12.62"|"12.83"|"12.27"|"13.11"|"12.66"|"11.93"|"11.72"|"11.65"|"12.33"|6784|"4.25"|"1.51"|"1.46"|"CDIPS_followup_tracker_20190721_import_s6-s7_very_deprecated"|"2020-01-09 13:59:32.801291"|"2020-01-09 13:59:32.801324"|1|"EB,CM,FM_binary"|"--"|"--"|"--"|"--"|"--"|"--"|"--"|"--"|"--"|"--"|"--"|"--"
"3107333698210242176"|"53645900"|"--"|"53645900.01"|1|"Kharchenko2013"|"FSR_1077"|"8.94"|"-1"|"1.00"|"2.00"|"--"|"--"|"Tdur somewhat long, but good signal. CG18 doesn't recover FSR 1077 cluster (but it's an IR cluster). Froebrich+07 called it a ""probable"" cluster, rather than a ""possible"" one. However they raise a quality flag indicating that the contrast of the central to background star density is low. So basically: the cluster's existence still needs to be confirmed (or refuted) thru joint DR2 5dims + 2MASS photometry. Because based on optical data alone, its existence is not clear. Nbhd analysis shows Gaia PM and parallax don't cohere into any meaningful clump. This ""cluster"" is probably not real."|"-1.00"|"-1.00"|"-1.00"|"100.38"|"-0.80"|"1.05"|"15.86"|"16.41"|"15.17"|"16.41"|"16.30"|"14.33"|"13.87"|"13.77"|"15.23"|4985|"4.48"|"0.86"|"0.82"|"CDIPS_followup_tracker_20190721_import_s6-s7_very_deprecated"|"2020-01-09 13:59:42.392850"|"2020-01-09 13:59:42.392884"|1|"NonCM"|"--"|"--"|"--"|"--"|"--"|"--"|"--"|"--"|"--"|"--"|"--"|"--"
"3114869682184835584"|"758022953"|"--"|"758022953.01"|1|"Dias2014"|"ASCC 35"|"8.48"|"-1"|"1.00"|"2.00"|"--"|"--"|"Outskirts of ASCC 35. Good signal (+weak spot modulation). CG18 didn't recover cluster, and no cluster RV available -> priority 1 instead of 0. Nbhd analysis shows: this cluster is just not at all apparent. Probably doesn't exist. (Downgraded furhter)."|"-1.00"|"-1.00"|"-1.00"|"108.49"|"1.96"|"1.15"|"11.39"|"11.52"|"11.08"|"-1.00"|"11.45"|"-1.00"|"-1.00"|"-1.00"|"11.16"|7375|"3.86"|"2.53"|"1.68"|"CDIPS_followup_tracker_20190721_import_s6-s7_very_deprecated"|"2020-01-09 13:59:50.987716"|"2020-01-09 13:59:50.987749"|1|"NonCM"|"--"|"--"|"--"|"--"|"--"|"--"|"--"|"--"|"--"|"--"|"--"|"--"
"3125263468681400320"|"266163784"|"--"|"266163784.01"|1|"Dias2014"|"Platais 6"|"7.96"|"-1"|"1.00"|"2.00"|"--"|"--"|"Phase modulation-> EB."|"-1.00"|"-1.00"|"-1.00"|"95.57"|"3.57"|"0.85"|"14.31"|"14.93"|"13.56"|"15.78"|"14.59"|"12.57"|"12.16"|"12.04"|"13.60"|5898|"3.75"|"2.28"|"1.07"|"CDIPS_followup_tracker_20190721_import_s6-s7_very_deprecated"|"2020-01-09 13:59:56.509294"|"2020-01-09 13:59:56.509327"|1|"NonCM"|"--"|"--"|"--"|"--"|"--"|"--"|"--"|"--"|"--"|"--"|"--"|"--"
"3126526081688850304"|"237553890"|"--"|"237553890.01"|1|"Kharchenko2013"|"Berkeley_28"|"7.54"|"-1"|"1.00"|"2.00"|"--"|"--"|"Cand young (~50 Myr) massive star w/ giant planet. Somewhat V-shaped. Proper motions suggest members in cluster outskirts. RV needed to confirm 6d position+velocity agree with cluster association. NB. strong spot modulation supports youth. Nbhd analysis shows PMs are just WAY OFF."|"-1.00"|"-1.00"|"-1.00"|"103.06"|"2.93"|"0.68"|"11.63"|"11.81"|"11.32"|"11.94"|"11.66"|"10.88"|"10.80"|"10.69"|"11.40"|8556|"3.59"|"3.85"|"2.13"|"CDIPS_followup_tracker_20190721_import_s6-s7_very_deprecated"|"2020-01-09 14:00:04.092132"|"2020-01-09 14:00:04.092168"|1|"NonCM"|"--"|"--"|"--"|"--"|"--"|"--"|"--"|"--"|"--"|"--"|"--"|"--"
"3217331693306617344"|"427451879"|"--"|"427451879.01"|1|"Dias2014,Zari_2018_UMS,Dias2014,Zari_2018_UMS"|"Collinder 70,--,Collinder 70,--"|"7.4"|"-1"|"1.00"|"2.00"|"--"|"--"|"Hot star, cluster outskirts, pulsation variability. Star is HD 37173, Houk+1999 classified as B6 II, with what they reported as a high-quality spectrum --> expected Rstar is 6Rsun. Dip is 0.5%. If SpType is correct, almost certainly stellar."|"-1.00"|"-1.00"|"-1.00"|"84.13"|"-1.98"|"2.24"|"7.82"|"7.81"|"7.86"|"-1.00"|"7.85"|"7.85"|"7.91"|"7.92"|"7.91"|14174|"-1.00"|"-1.00"|"-1.00"|"CDIPS_followup_tracker_20190721_import_s6-s7_very_deprecated"|"2020-01-09 14:00:11.670884"|"2020-01-09 14:00:11.670918"|1|"NonCM"|"--"|"--"|"--"|"--"|"--"|"--"|"--"|"--"|"--"|"--"|"--"|"--"
"3220266049321724416"|"50742153"|"--"|"50742153.01"|1|"Dias2014"|"Collinder 70"|"7.4"|"-1"|"1.00"|"2.00"|"--"|"--"|"Good signal, questionable parallax (i.e. maybe not cluster member). Star is also not photometrically active enough for how young it's supposed to be. Possible OOT ellipsoidal phase variation. Only RV for cluster membership -- stellar mass EBs to be ruled out after. Nbhd analysis shows definitely not member (but that Collinder 70 is obviously real)."|"-1.00"|"-1.00"|"-1.00"|"82.84"|"-1.10"|"1.18"|"13.03"|"13.28"|"12.61"|"13.60"|"13.19"|"12.12"|"11.92"|"11.86"|"12.67"|6784|"4.27"|"1.47"|"1.46"|"CDIPS_followup_tracker_20190721_import_s6-s7_very_deprecated"|"2020-01-09 14:00:20.170291"|"2020-01-09 14:00:20.170330"|1|"NonCM"|"--"|"--"|"--"|"--"|"--"|"--"|"--"|"--"|"--"|"--"|"--"|"--"
"5290761583912487424"|"308404880"|"--"|"308404880.01"|1|"Kharchenko2013"|"NGC_2516"|"8.48"|"-1"|"1.00"|"2.00"|"--"|"--"|"TLS double period. P~4 day HJ cand in NGC 2516. Multiple sector data available -> would benefit from analysis. Nbhd analysis shows that parallax is a bit small. Proper motions seem quite off. RV to confirm it's in the cluster would be needed... or to confirm youth. Weak membership. CHIRON (1, Zhou) shows double-peaked CCF, no signs of Li."|"-1.00"|"-1.00"|"-1.00"|"120.57"|"-60.68"|"2.21"|"14.88"|"15.68"|"14.00"|"17.30"|"15.43"|"12.82"|"12.20"|"12.00"|"14.06"|4269|"4.25"|"1.02"|"0.67"|"CDIPS_followup_tracker_20190721_import_s6-s7_very_deprecated"|"2020-01-09 14:00:30.342668"|"2020-01-09 14:00:30.342702"|1|"NonCM"|"--"|"--"|"--"|"--"|"--"|"--"|"--"|"--"|"--"|"--"|"--"|"--"
"5546259498914769280"|"146033676"|"--"|"146033676.01"|1|"CantatGaudin_2018"|"Gulliver_36"|"--"|"-1"|"1.00"|"2.00"|"--"|"--"|"Poss off-target, but WCS suspect (pg6) --> would need to be reanalyzed in a separate pipeline run."|"-1.00"|"-1.00"|"-1.00"|"123.33"|"-35.10"|"0.71"|"13.20"|"13.40"|"12.86"|"13.60"|"13.35"|"12.42"|"12.32"|"12.26"|"12.91"|7106|"4.06"|"1.94"|"1.58"|"CDIPS_followup_tracker_20190721_import_s6-s7_very_deprecated"|"2020-01-09 14:00:39.618351"|"2020-01-09 14:00:39.618388"|1|"NEB"|"--"|"--"|"--"|"--"|"--"|"--"|"--"|"--"|"--"|"--"|"--"|"--"
"5584409013334503936"|"52637880"|"--"|"52637880.01"|1|"Zari_2018_PMS"|"--"|"--"|"-1"|"1.00"|"2.00"|"--"|"--"|"Candidate PMS M-dwarf + HJ/BD/M dwarf.  BLS 2x period shows better OOT phase-modulation fit --> likely EB."|"-1.00"|"-1.00"|"-1.00"|"101.09"|"-30.62"|"3.28"|"16.03"|"17.48"|"14.85"|"18.72"|"17.27"|"13.18"|"12.58"|"12.32"|"14.78"|3364|"4.63"|"0.63"|"0.61"|"CDIPS_followup_tracker_20190721_import_s6-s7_very_deprecated"|"2020-01-09 14:00:49.486490"|"2020-01-09 14:00:49.486525"|1|"EB"|"--"|"--"|"--"|"--"|"--"|"--"|"--"|"--"|"--"|"--"|"--"|"--"
"5605128927705695232"|"231460755"|"--"|"231460755.01"|1|"Dias2014"|"Collinder 132"|"7.51"|"-1"|"1.00"|"2.00"|"--"|"--"|"Raw LC OOT variations suspect --> either an EB, or a WASP-18 like HJ.  Parallax and photometry fine for cluster membership, but the proper motion is bad, indicating likely field contami--t. --theless, v nice signal. One or two RVs needed to confirm not cluster member. Don't follow for mass measurement until clarified. Nbhd analysis shows (a) the CG18 cluster members seem wrong.  The clump in proper motion space for Collinder 132 is different from where the members are. (b) From the PMs star is no way in either of the clumps. So it’s a HJ/EB around a field star. NB Quinn uploaded 1 spectroscopy observation. high vsini, line profiles look good. 2020-01-05T07-09-44.6 2458853.81452 RV -21.056 0.229 Teff 6329 logg 4.2 feh -0.1 vsini 30.1"|"-1.00"|"-1.00"|"-1.00"|"109.19"|"-31.06"|"1.72"|"12.02"|"12.27"|"11.63"|"12.97"|"12.11"|"11.23"|"10.97"|"10.88"|"11.69"|6828|"4.23"|"1.54"|"1.47"|"CDIPS_followup_tracker_20190721_import_s6-s7_very_deprecated"|"2020-01-09 14:00:58.708789"|"2020-01-09 14:00:58.708823"|1|"NonCM"|"--"|"--"|"--"|"--"|"--"|"--"|"--"|"--"|"--"|"--"|"--"|"--"
"5617126180115568256"|"65805840"|"--"|"65805840.01"|1|"Kharchenko2013"|"NGC_2354"|"8.61"|"-1"|"1.00"|"2.00"|"--"|"--"|"Cand HJ in NGC 2354, a 300 Myr cluster. Note = HATS554-051.  Joel Hartman writes: ""We have two egresses from the LCOGT 1m network, and an ingress observed by CHAT. We have 9 FEROS observations and 6 HARPS observations that show a fair amount of scatter, and do not phase up with the photometric ephemeris (we get a best-fit orbit of K = 100 +- 40 m/s). Probably this is due to the rapid rotation of the star. We have this marked as being in need of photometric follow-up in another band-pass, photometric follow-up covering a secondary eclipse, and blend analysis."" TESS data enables all.  For cluster membership, Kharchenko gives Ps|Pkin|PJKs|PJH as  1|80.44|73.95|94.64.  The ~30-31km/s from the WiFeS/HARPS/FEROS RVs seem pretty consistent with the star being a cluster member.  Metallicity is also fine.  NB only 1 sector of TESS data available.  This is probably ready to publish, after a detailed blend analysis. However, a detailed manual analysis of the stars in the neighborhood by LGB showed that the parallax and proper motions are inconsistent with cluster membership -- the star is a foreground star.  In addition, the MS turnoff of the cluster is like ~2Msun, while this star is ~1.4Msun. Shy of any spectroscopic indications of stellar youth (e.g., Li? Halpha?), the cluster membership claim should be treated with heavy skepticism."|"-1.00"|"-1.00"|"-1.00"|"108.59"|"-25.65"|"0.96"|"13.44"|"13.69"|"13.04"|"14.05"|"13.51"|"12.63"|"12.38"|"12.37"|"13.10"|6678|"4.26"|"1.45"|"1.41"|"CDIPS_followup_tracker_20190721_import_s6-s7_very_deprecated"|"2020-01-09 14:01:09.244254"|"2020-01-09 14:01:09.244288"|1|"NonCM"|"--"|"--"|"--"|"--"|"--"|"--"|"--"|"--"|"--"|"--"|"--"|"--"
"5765748511163751936"|"383390264"|"1098"|"1098.01"|0|"-1"|"-1"|"7.3"|"1"|"1.00"|"1.00"|"SP0/1 (V=9.2). Rp=3.2Re and Mann discovered. What is vsini from Quinn’s 20191205 spectrum? He flagged as “not appropriate for PRVs”"|"--"|"TOI 1098 in Octans, identified by Andrew Mann. Annoyingly close to pole. P=10d, Rp=3.5Re, shallow. Rotn period good. Teff=6150K, T=8.7 (bright!). S12+13. Good RV target. Spitzer transit acquired (Newton), not much need for any phot with LCO. Prot of ~3 day or shorter. Spot amplitude ~0.8% (2 min SPOC report from Burke on ExoFOP-TESS). Quinn has taken 1 CHIRON spectrum 20191205. Not a CDIPS target star v0.4 … what is Mann’s proof of membership?"|"3.19"|"2.14"|"10.18"|"192.59"|"-88.12"|"-1.00"|"-1.00"|"-1.00"|"-1.00"|"9.76"|"9.23"|"8.27"|"8.01"|"8.00"|"8.76"|6413|"4.43"|"1.15"|"1.29"|"20200109_manual_insert"|"2020-01-09 16:54:18.857573"|"2020-01-09 16:54:18.857609"|0|"PC"|0|"1.80"|"32.32"|"0.0050"|"161.62"|"2.64"|"9.88"|"9.50"|"2.37"|"14.93"|"0.01"|"1.51"
"5842480953772012928"|"360156606"|"1227"|"1227.01"|1|"Kounkel_2019,Zari_2018_PMS,Kounkel_2019,Zari_2018_PMS"|"kc19group_64,--,kc19group_64,--"|"7.42"|"1"|"1.00"|"1.00"|"SP2. Great for TripleSpec."|"1 OIBEO 20200309 gp "|"TOI 1227 in Eps Cha, identified by Andrew Mann. P=27d, Rp=16Re, deep (M dwarf, V=17, T=13.8). S11+12, only 2 dips seen. Need phot followup. Mann leans towards “not planet” b/c of odd SOAR transit. Collins (SG1) got IBE, looks plausible. It’s in Kounkel’s group 64, and is also labelled PMS M dwarf from Zari."|"16.52"|"1.60"|"27.36"|"186.77"|"-72.45"|"9.91"|"15.25"|"17.20"|"13.92"|"18.47"|"17.00"|"11.89"|"11.31"|"11.03"|"13.80"|3055|"4.79"|"0.44"|"0.44"|"20200109_manual_insert"|"2020-01-09 17:00:12.872853"|"2020-01-09 17:00:12.872895"|0|"PC"|"--"|"--"|"--"|"--"|"--"|"--"|"--"|"--"|"--"|"--"|"--"|"--"
"2014335027560174976"|"371673488"|"1497"|"1497.01"|1|"Kounkel_2019,CantatGaudin_2018,Zari_2018_UMS,Kounkel_2019,CantatGaudin_2018,Zari_2018_UMS"|"ASCC_127,RSG_7,--,ASCC_127,RSG_7,--"|"7.32"|"1"|"1.00"|"1.00"|"--"|"not visible until 2020B"|"TOI 1497 in RSG_7 (200Myr), identified by Jerome de Leon. Rp=4Re, P=0.82d USP around V=10 hot star. 0.5mmag transits, but maybe worth clearing field of NEBs for validation. TRES (1, Bieryla) shows Vrot~120km/s, no chance at mass measurement. Doppler tomography still possible? Nbhd plot shows membership looks good."|"3.87"|"0.36"|"0.82"|"343.23"|"59.85"|"2.44"|"10.08"|"10.20"|"9.90"|"10.31"|"10.17"|"9.63"|"9.71"|"9.61"|"9.96"|8911|"4.26"|"1.85"|"2.25"|"20200109_manual_insert"|"2020-01-09 17:06:47.735322"|"2020-01-09 17:06:47.735357"|0|"PC"|"--"|"--"|"--"|"--"|"--"|"--"|"--"|"--"|"--"|"--"|"--"|"--"
"6113920619134019456"|"166527623"|"--"|"166527623.01"|0|"-1"|"-1"|"7"|"1"|"1.00"|"1.00"|"--"|"--"|"TIC 166527623 in Sco Cen (Andrew Mann). SPOC S11 report shows strong rotation & dips; TOI process totally missed this one. Period & radius require manual insert. Was not on CDIPS target list, so missed even though LC was made. (T=9.2! So easy followup). Spitzer transit (Newton) acquired.  Aaron Rizutto writing it up! “RVs still valuable”, though presumably RM would be easiest? Would need a better ephemeris. Rp is estimated based on 0.3% dips and Rstar=1.3 from TIC8."|"7.80"|"2.00"|"13.00"|"207.50"|"-40.80"|"-1.00"|"-1.00"|"-1.00"|"-1.00"|"10.57"|"9.79"|"8.59"|"8.29"|"8.16"|"9.19"|5767|"4.20"|"1.34"|"1.03"|"20200109_manual_insert"|"2020-01-09 17:22:53.656921"|"2020-01-09 17:22:53.656957"|0|"PC"|0|"1.50"|"45.20"|"0.0200"|"903.92"|"3.10"|"77.84"|"20.00"|"5.33"|"91.92"|"0.01"|"1.18"
"6598814657249555328"|"62483237"|"139"|"139.01"|0|"-1"|"-1"|"8.10"|"1"|"0.00"|"0.00"|"Veloce17"|"SG1 has lost"|"Teff = 4500K, Rp=2.5Re, Porb=11d, ""quiet"" mid K dwarf.  No Li.  Whopping Ca HK, at the level that implies <500 Myr almost certainly.  (Err. How many others have such Ca HK? Would be nice to automate!) Prot = 8 days, strong signal.  Keck AO done and looks great.  SG1 seems to have lost the ephemeris. (And as of Feb 2020 it's currently behind the sun AFAIK. 1 mmag transit, so not surprising!).  SG2 shows that Veloce team has gotten 17 shots. Surprising, given Prot and Porb so close. I guess after S1 of EM1, with extra transits we might stand a chance. (This is literally July 2020, which is quite soon. Two years sure passes quick!)."|"2.69"|"1.81"|"11.06"|"336.40"|"-34.91"|"-1.00"|"-1.00"|"-1.00"|"-1.00"|"11.67"|"10.55"|"8.37"|"7.77"|"7.64"|"9.36"|4405|"4.59"|"0.70"|"0.69"|"20200213_manual_insert"|"2020-02-13 15:09:48.487359"|"2020-02-13 15:09:48.487404"|0|"PC"|0|"8.00"|"4.43"|"0.0040"|"17.71"|"2.14"|"0.20"|"10.00"|"3.68"|"3.92"|"0.21"|"19.92"
"5514577414951631488"|"238597883"|"1004"|"1004.01"|1|"CantatGaudin_2019_velaOB2,Zari_2018_UMS"|"cg19velaOB2_pop7,N/A"|"--"|"1"|"0.00"|"0.00"|"to_assess"|"to_assess"|"PC. T=9, Rp=4.6, P=3.5, Teff 8500K."|"4.60"|"-1.00"|"3.57"|"122.18"|"-48.80"|"2.78"|"9.20"|"9.27"|"9.10"|"9.35"|"9.27"|"8.92"|"8.92"|"8.85"|"9.14"|9219|"4.14"|"2.15"|"2.34"|"20200309_manual_insert"|"2020-03-09 14:36:14.900000"|"2020-03-09 14:36:14.900022"|0|"PC"|"--"|"--"|"--"|"--"|"--"|"--"|"--"|"--"|"--"|"--"|"--"|"--"
"1835201042675810688"|"117789567"|"1149"|"1149.01"|1|"Kounkel_2019"|"Gulliver_60"|"7.87"|"1"|"0.00"|"1.00"|"Needs DT"|"Needs phot FU"|"KC19, needs check. (Interesting cluster). FIES (Buchave) showed vrot 200km/s. Bp-Rp=0 would imply Teff 9000K, not 13000. 2mmag dip. Would make it A2V, Rstar = 2-3Rsun depending on Teff. 0.2% would imply Rp~=Rjup. Worth DT, in that case! Nbhd analysis shows star is on outskirts of cluster. It’s not a CG18 member dude. Membership claim seems likely to be spurious. (just based on how far off it is in ra/dec space, and in the HR diagram)."|"10.10"|"-1.00"|"2.32"|"300.77"|"26.89"|"1.55"|"7.84"|"7.83"|"7.88"|"7.81"|"7.87"|"7.92"|"8.03"|"8.02"|"7.92"|13079|"-1.00"|"-1.00"|"-1.00"|"20200309_manual_insert"|"2020-03-09 14:36:19.396931"|"2020-03-09 14:36:19.396947"|0|"PC"|"--"|"--"|"--"|"--"|"--"|"--"|"--"|"--"|"--"|"--"|"--"|"--"
"2192733400508791552"|"275501623"|"1358"|"1358.01"|1|"Kounkel_2019,Zari_2018_UMS,Kounkel_2019,Zari_2018_UMS"|"RSG_5,--,RSG_5,--"|"7.55"|"1"|"0.00"|"1.00"|"to_assess"|"to_assess"|"200km/s. T=8, Rp=4.4, P=2.3d. Membership from nbhd plot seems questionable. Weird 3-part string. Off in HR diagram too (too bright). PMs and plx seem fine-enough. Just might be a random A-star, and not a CM."|"4.40"|"-1.00"|"1.67"|"320.12"|"61.12"|"2.78"|"8.64"|"8.67"|"8.60"|"8.70"|"8.65"|"8.49"|"8.52"|"8.54"|"8.64"|10445|"4.09"|"2.45"|"2.69"|"20200309_manual_insert"|"2020-03-09 14:36:37.344953"|"2020-03-09 14:36:37.344972"|0|"PC"|"--"|"--"|"--"|"--"|"--"|"--"|"--"|"--"|"--"|"--"|"--"|"--"
"5805824988445654144"|"310355207"|"--"|"310355207.01"|1|"Kounkel_2019"|"kc19group_597"|"8.47"|"1"|"0.00"|"0.00"|"SP1. Likely blend. No Prot, when it should be visible."|"to_assess"|"Rp 6.0, P=4.6, K9V/M0V. d=160pc, bright for M dwarf. No Prot, when there should be one. So it’s probably bad."|"6.00"|"0.90"|"4.60"|"252.02"|"-72.69"|"5.95"|"13.83"|"14.68"|"12.93"|"15.73"|"14.40"|"11.77"|"11.13"|"10.96"|"12.99"|4042|"4.59"|"0.67"|"0.63"|"20200323_manual_insert"|"2020-03-23 16:02:35.528932"|"2020-03-23 16:02:35.528958"|0|"PC"|"--"|"--"|"--"|"--"|"--"|"--"|"--"|"--"|"--"|"--"|"--"|"--"
"5952590785523816960"|"217933560"|"--"|"217933560.01"|1|"Zari_2018_PMS"|"--"|"--"|"1"|"0.00"|"0.00"|"to_assess"|"to_assess"|"Rp 14.6, P=3.6, ZariPMS, d=214pc 8% rot amp, Prot 3d. Rstar 1.13; inflated."|"14.60"|"1.10"|"3.60"|"261.39"|"-44.05"|"4.65"|"12.32"|"12.92"|"11.58"|"13.91"|"12.71"|"10.65"|"10.08"|"9.99"|"11.65"|4708|"4.21"|"1.13"|"0.75"|"20200323_manual_insert"|"2020-03-23 16:02:40.694786"|"2020-03-23 16:02:40.694808"|0|"PC"|0|"3.00"|"19.06"|"0.0800"|"1524.53"|"2.54"|"53.78"|"317.83"|"160.51"|"190.95"|"0.11"|"3.55"
"5974331982990013696"|"198262850"|"--"|"198262850.01"|1|"Zari_2018_PMS"|"--"|"--"|"1"|"0.00"|"0.00"|"to_assess"|"to_assess"|"Rp 5.0, P=7.88, ZariPMS. 3 dips including eleanor LC (2 in CDIPS). 120pc."|"5.00"|"0.90"|"7.88"|"260.62"|"-37.45"|"8.26"|"10.67"|"11.23"|"10.02"|"11.71"|"10.71"|"9.15"|"8.63"|"8.51"|"10.05"|5052|"4.23"|"1.17"|"0.84"|"20200323_manual_insert"|"2020-03-23 16:02:45.876918"|"2020-03-23 16:02:45.876938"|0|"PC"|0|"2.20"|"26.91"|"0.0410"|"1103.15"|"1.92"|"40.11"|"15.00"|"5.41"|"29.49"|"0.00"|"0.74"
"6042883578050870912"|"67600790"|"--"|"67600790.01"|1|"Zari_2018_PMS"|"--"|"--"|"1"|"0.00"|"0.00"|"to_assess"|"to_assess"|"Rp 6.8Re, P=0.96d, ZariPMS. 150pc. 5% rot amp, Prot~1d."|"6.80"|"0.96"|"0.96"|"241.66"|"-27.47"|"6.38"|"13.80"|"15.36"|"12.57"|"17.66"|"15.42"|"10.71"|"10.01"|"9.76"|"12.64"|3339|"3.85"|"1.19"|"0.36"|"20200323_manual_insert"|"2020-03-23 16:02:51.047722"|"2020-03-23 16:02:51.047747"|0|"PC"|"--"|"--"|"--"|"--"|"--"|"--"|"--"|"--"|"--"|"--"|"--"|"--"
